satisfaction,suggestions,timestamp,curricula,accept,expectation
True,好上加好,2024-09-01T17:09:41.169Z,,,
,,2024-09-02T13:07:28.882Z,,,
True,,2024-09-02T13:19:05.567Z,,,
,,2024-09-02T14:17:52.745Z,True,给分,6.5
,,2024-09-02T14:29:15.142Z,True,教学,6.5
,,2024-09-02T14:29:47.896Z,True,教学,8.0
,,2024-09-02T14:31:47.284Z,True,教学,9.0
,,2024-09-13T06:31:15.469Z,False,教学,4.0
,,2024-09-13T06:36:48.312Z,True,教学,6.5
,,2024-09-13T06:40:55.973Z,True,教学,4.5
,,2024-09-13T06:48:05.495Z,True,给分,4.0
,更明确的选择,2024-09-13T06:54:34.610Z,True,给分,5.0
,,2024-09-13T06:55:09.761Z,True,教学,5.0
,,2024-09-13T06:58:41.451Z,False,给分,7.0
,,2024-09-13T07:09:17.691Z,True,给分,6.0
,,2024-09-13T07:48:34.141Z,False,教学,6.5
,,2024-09-13T08:01:03.962Z,True,给分,9.0
,,2024-09-13T08:05:28.070Z,True,教学,6.0
,好,2024-09-13T08:17:33.401Z,True,教学,7.0
,,2024-09-13T08:20:40.693Z,False,给分,9.0
,,2024-09-13T08:32:53.186Z,True,教学,5.5
,,2024-09-13T08:40:26.620Z,True,给分,3.5
,,2024-09-13T09:01:59.031Z,True,教学,4.5
,,2024-09-13T09:02:16.548Z,True,教学,4.5
,,2024-09-13T10:09:15.575Z,True,教学,4.5
,,2024-09-13T10:13:42.318Z,True,教学,8.5
,综合考虑，理性选择，不后悔,2024-09-13T10:56:07.880Z,True,教学,7.0
,"知道注意事项
",2024-09-13T11:07:49.637Z,True,教学,9.5
,让我选到更适合自己的课,2024-09-13T11:07:57.836Z,False,给分,9.5
,给出一些实际的指导意见,2024-09-13T11:15:22.279Z,False,教学,5.5
,学生可以选到上课有趣的老师，给分较高的老师,2024-09-13T11:16:29.543Z,False,教学,4.5
,,2024-09-13T11:19:55.094Z,False,给分,3.5
,,2024-09-13T11:20:08.815Z,False,给分,8.0
,,2024-09-13T11:20:42.696Z,False,给分,4.0
,,2024-09-13T11:30:14.007Z,True,教学,10.0
,选到给分较好的老师帮助满足出国GPA……,2024-09-13T11:46:33.973Z,True,给分,6.0
,希望能选到好课,2024-09-13T11:47:52.675Z,True,给分,6.0
,帮助新生了解老师上课风格以及需要做的准备,2024-09-13T11:59:20.535Z,False,教学,6.0
,,2024-09-13T12:08:52.790Z,True,教学,5.5
,,2024-09-13T12:25:36.043Z,False,给分,7.0
,帮助选课退课换课,2024-09-13T12:34:34.949Z,False,给分,3.0
,,2024-09-13T12:36:52.924Z,True,教学,9.0
,,2024-09-13T12:48:20.162Z,True,给分,5.5
,,2024-09-13T12:55:47.026Z,True,给分,6.5
,,2024-09-13T13:47:57.603Z,True,教学,7.0
,,2024-09-13T13:49:29.755Z,True,给分,6.0
,给予学生风向标,2024-09-13T13:52:23.124Z,True,给分,10.0
,,2024-09-13T14:01:53.369Z,True,给分,5.5
,,2024-09-13T14:05:11.271Z,True,给分,4.5
,帮助新生迅速了解每门课与不同老师的教学风格,2024-09-13T14:05:19.491Z,False,教学,8.5
,,2024-09-13T14:07:35.481Z,True,教学,5.5
,,2024-09-13T14:20:13.880Z,True,教学,3.0
,,2024-09-13T14:46:16.771Z,True,给分,5.0
,让我们更了解课程,2024-09-13T14:48:49.962Z,True,给分,6.0
,,2024-09-13T14:55:07.580Z,True,给分,9.0
,,2024-09-13T14:55:29.259Z,False,教学,7.5
,帮助了解选课、能选好课,2024-09-13T14:58:44.346Z,False,教学,5.0
,帮助大家有心理准备,2024-09-13T15:00:11.993Z,True,教学,5.0
,帮助避雷,2024-09-13T15:03:25.165Z,True,给分,4.0
,希望能帮助我选到讲课水平更高的老师,2024-09-13T15:03:35.289Z,False,教学,6.0
,"帮我选到讲课水平高的老师
",2024-09-13T15:06:30.776Z,False,教学,9.5
,,2024-09-13T15:07:42.910Z,True,教学,6.5
,呈现更真实的更符合学生需求的选课数据,2024-09-13T15:10:22.034Z,True,给分,8.5
,,2024-09-13T15:13:11.460Z,False,给分,7.0
,,2024-09-13T15:20:35.650Z,True,给分,4.5
,,2024-09-13T15:24:29.853Z,True,教学,5.5
,希望能客观全面评价课程,2024-09-13T15:29:29.868Z,False,教学,5.0
,,2024-09-13T15:31:48.408Z,False,教学,4.0
,,2024-09-13T15:40:32.422Z,False,给分,8.0
,避雷不好的老师,2024-09-13T16:21:58.695Z,True,给分,3.0
,谢谢,2024-09-13T23:14:20.884Z,True,给分,3.5
,,2024-09-13T23:48:32.067Z,True,教学,6.0
,了解老师的考核方式与给分,2024-09-14T00:11:36.184Z,True,教学,7.0
,,2024-09-14T00:51:57.058Z,True,给分,7.0
,,2024-09-14T00:51:59.824Z,True,给分,7.0
,,2024-09-14T01:13:47.955Z,False,教学,8.0
,,2024-09-14T01:20:17.908Z,True,教学,8.5
,,2024-09-14T01:49:59.748Z,True,教学,10.0
,,2024-09-14T01:54:00.245Z,True,教学,8.0
,给分和教学水准都写一下吧~,2024-09-14T01:58:52.150Z,True,教学,10.0
,,2024-09-14T02:01:27.409Z,True,给分,4.5
,,2024-09-14T02:06:16.580Z,True,给分,6.0
,最好在教学水平和给分好坏上都要兼顾,2024-09-14T02:30:29.010Z,True,给分,8.0
,,2024-09-14T02:48:06.881Z,False,给分,2.0
,,2024-09-14T02:50:46.375Z,True,给分,5.0
,让我找到幽默风趣上课好玩还有干货的老师。,2024-09-14T02:56:58.241Z,True,教学,5.5
,,2024-09-14T03:29:29.439Z,True,给分,6.0
,提供老师给分和试卷难度,2024-09-14T03:30:00.891Z,False,给分,5.0
,,2024-09-14T03:44:55.251Z,True,给分,4.5
,可以看到历届学长学姐们的评价，汇总，帮助避雷一些表面功夫的老师,2024-09-14T04:03:34.836Z,False,给分,6.0
,希望可以帮助我更好的安排自己的课程,2024-09-14T04:14:41.881Z,True,教学,5.5
,指导性意见,2024-09-14T04:24:42.464Z,True,教学,6.0
,,2024-09-14T04:25:12.119Z,False,给分,5.5
,,2024-09-14T04:37:15.889Z,True,教学,8.0
,,2024-09-14T04:38:57.143Z,False,教学,5.5
,找到更好的老师,2024-09-14T04:46:55.883Z,True,教学,5.0
,善意提醒,2024-09-14T05:02:23.106Z,True,给分,10.0
,,2024-09-14T05:28:42.215Z,True,教学,4.5
,,2024-09-14T05:35:04.639Z,False,教学,7.0
,帮忙选课,2024-09-14T05:38:40.868Z,False,给分,4.5
,,2024-09-14T05:54:46.704Z,True,教学,5.0
,,2024-09-14T06:02:08.757Z,True,教学,6.0
,,2024-09-14T06:19:09.911Z,True,给分,5.0
,,2024-09-14T06:54:20.613Z,True,给分,5.0
,,2024-09-14T07:01:16.375Z,True,教学,7.0
,,2024-09-14T07:11:13.779Z,False,教学,9.5
,,2024-09-14T07:14:45.328Z,True,给分,4.0
,无论如何都希望能学到足够好的东西，与此同时找个折中的办法活下去,2024-09-14T07:49:28.098Z,True,教学,5.0
,,2024-09-14T07:50:36.491Z,False,给分,4.0
,,2024-09-14T07:52:41.493Z,True,教学,5.0
,,2024-09-14T07:53:08.905Z,True,给分,5.0
,,2024-09-14T08:30:59.600Z,True,教学,9.5
,好,2024-09-14T08:49:40.075Z,True,给分,2.5
,告诉我哪个给分高,2024-09-14T09:17:33.353Z,True,给分,4.5
,,2024-09-14T09:54:20.096Z,True,给分,4.5
,加油呀,2024-09-14T10:34:05.613Z,False,给分,10.0
,,2024-09-14T10:39:22.022Z,True,给分,10.0
,,2024-09-14T10:45:23.321Z,True,教学,6.0
,,2024-09-14T10:46:34.635Z,True,教学,6.5
,明确写出老师得上课风格 老师要求和给分情况,2024-09-14T11:10:03.051Z,False,给分,4.5
,"给出课程的详细内容帮助新生了解
介绍老师风格",2024-09-14T11:23:45.540Z,True,给分,4.0
,评价,2024-09-14T11:44:14.675Z,True,教学,6.5
,,2024-09-14T11:51:30.310Z,True,教学,7.0
,给我带来参考,2024-09-14T11:55:26.055Z,True,教学,6.5
,顺利毕业,2024-09-14T11:57:32.584Z,True,教学,4.5
,,2024-09-14T12:06:42.886Z,True,给分,5.5
,找到合适的导师（希望给分也能好一些）,2024-09-14T12:08:21.570Z,False,教学,4.0
,,2024-09-14T12:13:45.575Z,False,给分,6.5
,,2024-09-14T12:17:30.135Z,False,给分,5.0
,方便大家,2024-09-14T13:22:26.613Z,True,教学,6.0
,,2024-09-14T14:05:53.099Z,True,教学,5.0
,,2024-09-14T14:24:13.720Z,False,教学,7.0
,,2024-09-14T14:34:59.209Z,True,给分,4.0
,,2024-09-14T15:01:41.293Z,True,给分,7.0
,希望能找到兼顾教学水准和给分好课,2024-09-14T15:11:38.671Z,True,教学,10.0
,,2024-09-14T15:18:58.926Z,True,给分,10.0
,,2024-09-14T15:37:58.379Z,True,教学,5.5
,,2024-09-14T15:40:30.309Z,False,给分,5.5
,更好安排课表,2024-09-14T15:47:20.081Z,True,教学,4.0
,希望能把每种课的给分情况、课堂状况描述出来！,2024-09-14T16:30:06.333Z,True,教学,10.0
,可以帮助我们选课,2024-09-14T16:35:56.498Z,False,给分,6.5
,各方面建议,2024-09-15T00:48:16.254Z,False,给分,4.0
,,2024-09-15T00:49:19.500Z,True,教学,4.0
,,2024-09-15T00:52:07.784Z,False,教学,6.0
,,2024-09-15T00:52:57.667Z,True,给分,7.5
,选到适合我的老师，我喜欢的课程，让大学生活更加充实,2024-09-15T00:56:21.788Z,True,教学,6.0
,,2024-09-15T00:56:59.140Z,True,给分,6.0
,让大家参考什么老师给分好,2024-09-15T00:57:16.195Z,True,给分,4.5
,,2024-09-15T00:59:15.271Z,True,给分,6.0
,选择适合自己的课,2024-09-15T01:47:43.014Z,True,给分,6.0
,,2024-09-15T01:48:23.598Z,True,给分,6.0
,都有,2024-09-15T01:49:24.648Z,False,给分,6.5
,,2024-09-15T01:50:09.632Z,True,给分,6.0
,"好
",2024-09-15T01:59:17.435Z,False,教学,6.5
,,2024-09-15T02:02:14.574Z,True,教学,6.0
,老师与学生在学术交流上互帮互助共同进步,2024-09-15T02:05:16.045Z,False,教学,6.0
,希望可以得到更多好课推荐 利用有限时间学到有价值的知识,2024-09-15T02:06:40.699Z,True,教学,5.0
,,2024-09-15T02:10:42.651Z,True,教学,5.5
,,2024-09-15T02:12:44.827Z,True,教学,6.0
,找到讲课好的老师,2024-09-15T02:14:45.835Z,True,教学,8.0
,推荐一些给分好的老师。有学习自主性的同学会自己找资源学的。,2024-09-15T02:14:52.644Z,True,给分,7.0
,推荐有趣且给分好的老师,2024-09-15T02:16:35.657Z,False,教学,7.0
,,2024-09-15T02:59:20.166Z,True,给分,4.5
,,2024-09-15T03:02:27.672Z,True,给分,4.5
,有助于分辨不同课程好坏,2024-09-15T03:17:51.204Z,False,给分,9.0
,,2024-09-15T03:21:13.969Z,True,给分,4.5
,,2024-09-15T03:27:24.950Z,True,教学,6.0
,找到适合自己的老师,2024-09-15T03:28:56.366Z,False,给分,6.5
,避雷,2024-09-15T03:30:33.696Z,True,给分,5.5
,,2024-09-15T03:33:31.966Z,False,给分,6.0
,,2024-09-15T03:33:29.464Z,False,给分,6.0
,,2024-09-15T03:38:43.360Z,False,给分,7.0
,,2024-09-15T03:49:22.191Z,True,教学,4.5
,,2024-09-15T03:54:10.822Z,False,给分,10.0
,,2024-09-15T03:56:19.017Z,True,教学,6.0
,,2024-09-15T03:56:31.613Z,True,教学,4.5
,,2024-09-15T03:57:48.946Z,True,给分,5.0
,,2024-09-15T03:58:28.355Z,True,教学,7.5
,,2024-09-15T04:01:13.013Z,False,给分,4.0
,,2024-09-15T04:05:32.144Z,False,给分,2.0
,希望能详细给出关于选课的注意事项及技巧,2024-09-15T04:16:39.364Z,False,教学,5.0
,,2024-09-15T04:16:41.844Z,False,教学,5.5
,,2024-09-15T04:17:17.993Z,False,给分,7.0
,,2024-09-15T04:19:36.389Z,False,教学,7.0
,,2024-09-15T04:25:09.066Z,True,给分,8.0
,选课·的方法和合适的选择,2024-09-15T04:29:26.580Z,False,教学,9.5
,给我建议,2024-09-15T04:30:00.507Z,True,给分,7.0
,,2024-09-15T04:35:55.453Z,True,教学,6.5
,避免走弯路,2024-09-15T04:36:39.789Z,True,教学,8.0
,,2024-09-15T04:37:30.654Z,False,给分,3.5
,,2024-09-15T04:39:21.115Z,False,给分,4.0
,,2024-09-15T04:40:41.652Z,True,给分,3.5
,,2024-09-15T04:42:10.950Z,False,教学,5.5
,,2024-09-15T04:45:16.510Z,False,教学,5.5
,加油,2024-09-15T04:47:20.011Z,True,给分,5.5
,了解课程情况,2024-09-15T04:48:26.812Z,True,给分,6.0
,,2024-09-15T04:48:29.657Z,False,给分,9.5
,好好好,2024-09-15T04:48:52.835Z,True,给分,10.0
,为我选课提供建议,2024-09-15T04:49:45.167Z,False,教学,10.0
,,2024-09-15T04:50:34.061Z,False,教学,4.0
,帮我避开雷区,2024-09-15T04:50:36.386Z,True,给分,6.0
,能够为学生们提供全面细致的课程介绍，课程评价与老师介绍，老师评价,2024-09-15T04:52:47.732Z,True,教学,10.0
,,2024-09-15T04:54:17.051Z,True,教学,5.0
,,2024-09-15T04:56:25.823Z,True,教学,10.0
,遇见好老师,2024-09-15T04:57:37.272Z,True,教学,6.0
,了解课程内容与课程质量高低，与其他人进行交流,2024-09-15T05:06:50.591Z,False,给分,8.5
,无,2024-09-15T05:07:27.714Z,False,教学,4.0
,找到好老师,2024-09-15T05:08:34.046Z,True,教学,5.0
,了解课程内容，作业量，讲授水平，给分好坏,2024-09-15T05:08:35.124Z,True,给分,5.0
,让学生了解清楚大学学习,2024-09-15T05:14:09.427Z,False,教学,5.5
,。,2024-09-15T05:24:30.366Z,False,教学,5.0
,,2024-09-15T05:25:03.931Z,True,教学,4.5
,提供丰富的资源,2024-09-15T05:25:23.408Z,True,教学,7.0
,,2024-09-15T05:31:13.694Z,True,教学,6.5
,,2024-09-15T05:34:21.772Z,False,给分,4.0
,给一些选课建议,2024-09-15T05:46:02.000Z,False,教学,10.0
,对授课和给分情况的了解,2024-09-15T05:50:26.995Z,False,给分,6.0
,让我能了解清楚的了解各种课程的具体情况，帮助选课,2024-09-15T05:50:45.930Z,True,教学,5.5
,,2024-09-15T05:52:15.041Z,True,给分,6.5
,,2024-09-15T05:53:22.547Z,True,教学,10.0
,作为一个平台，为学生提供更多的有用的信息,2024-09-15T05:53:52.703Z,True,教学,4.0
,,2024-09-15T05:55:31.410Z,False,教学,5.0
,,2024-09-15T05:55:59.610Z,True,给分,7.0
,,2024-09-15T06:04:12.561Z,False,教学,7.0
,,2024-09-15T06:06:20.206Z,True,教学,6.0
,不选到恐怖的老师,2024-09-15T06:07:47.074Z,True,给分,6.0
,,2024-09-15T06:09:19.082Z,False,教学,10.0
,,2024-09-15T06:12:22.247Z,True,给分,6.0
,,2024-09-15T06:17:05.690Z,True,教学,6.0
,,2024-09-15T06:20:24.930Z,False,给分,6.0
,更直观吧，可以筛选,2024-09-15T06:22:54.744Z,True,给分,5.5
,,2024-09-15T06:27:32.246Z,True,给分,6.0
,,2024-09-15T06:38:11.023Z,True,给分,8.0
,,2024-09-15T06:40:48.492Z,False,教学,5.0
,,2024-09-15T06:41:15.381Z,True,教学,6.0
,,2024-09-15T06:49:24.316Z,False,教学,6.0
,好,2024-09-15T06:50:36.291Z,True,给分,6.0
,,2024-09-15T06:55:53.269Z,False,给分,7.0
,,2024-09-15T06:56:38.492Z,True,教学,7.0
,好,2024-09-15T07:00:18.241Z,True,给分,5.0
,帮助我们对课程内容、老师风格、尤其选课标准有更充分的了解,2024-09-15T07:01:09.559Z,False,教学,6.0
,,2024-09-15T07:01:49.760Z,True,教学,5.0
,,2024-09-15T07:57:20.695Z,True,教学,7.0
,,2024-09-15T07:58:48.814Z,True,教学,6.0
,,2024-09-15T07:59:46.754Z,True,给分,5.0
,明确任课老师教学水准及给分好坏,2024-09-15T08:09:01.103Z,True,给分,5.5
,好老师,2024-09-15T08:34:49.856Z,True,教学,7.0
,选课时能更高效率挑选到更好的老师或者发现宝藏老师,2024-09-15T08:56:02.716Z,False,教学,6.0
,找到自己适合的课,2024-09-15T09:11:05.598Z,False,给分,3.5
,,2024-09-15T09:26:27.500Z,True,教学,10.0
,,2024-09-15T09:46:20.155Z,True,给分,6.0
,客观,2024-09-15T09:49:57.767Z,True,教学,5.0
,,2024-09-15T09:52:44.833Z,False,教学,5.5
,无,2024-09-15T09:57:24.818Z,False,教学,8.0
,,2024-09-15T10:03:07.597Z,False,给分,6.0
,帮助选到更好的老师的课,2024-09-15T10:06:44.818Z,False,教学,5.0
,避雷,2024-09-15T10:08:43.928Z,True,教学,4.0
,,2024-09-15T10:43:47.981Z,True,给分,4.5
,,2024-09-15T10:46:17.530Z,True,给分,4.0
,,2024-09-15T10:49:22.371Z,True,给分,6.5
,,2024-09-15T10:49:22.506Z,True,给分,6.5
,,2024-09-15T10:52:04.982Z,True,给分,5.0
,,2024-09-15T11:05:12.719Z,True,给分,4.0
,能获取更多课程信息,2024-09-15T11:13:06.718Z,True,给分,6.0
,,2024-09-15T11:14:50.543Z,True,给分,5.5
,,2024-09-15T11:15:34.568Z,True,教学,9.5
,,2024-09-15T11:16:47.996Z,True,给分,7.0
,,2024-09-15T11:18:40.700Z,True,教学,10.0
,,2024-09-15T11:20:36.124Z,True,教学,5.5
,能帮助我选到教学能力强，打分高的老师,2024-09-15T11:21:32.563Z,False,教学,5.5
,帮助学生理解并熟练选课流程,2024-09-15T11:27:31.048Z,False,教学,4.5
,,2024-09-15T11:32:08.262Z,True,教学,10.0
,,2024-09-15T11:33:18.880Z,True,给分,5.5
,无,2024-09-15T11:54:19.948Z,True,给分,10.0
,,2024-09-15T12:15:31.188Z,True,教学,10.0
,,2024-09-15T12:17:48.326Z,True,教学,8.0
,,2024-09-15T12:21:05.462Z,True,教学,7.0
,,2024-09-15T12:22:22.955Z,False,教学,10.0
,给出建议,2024-09-15T12:24:13.426Z,True,给分,8.5
,,2024-09-15T12:24:13.487Z,False,教学,10.0
,提供有用的信息，共同营造良好社区,2024-09-15T12:26:38.520Z,False,教学,6.0
,,2024-09-15T12:29:59.099Z,True,教学,8.5
,,2024-09-15T12:30:20.419Z,False,给分,4.0
,,2024-09-15T12:34:11.776Z,True,给分,7.0
,,2024-09-15T12:36:12.599Z,False,教学,5.0
,,2024-09-15T12:36:22.312Z,True,给分,10.0
,更方便,2024-09-15T12:36:37.887Z,False,给分,4.0
,,2024-09-15T12:39:37.622Z,False,给分,6.0
,,2024-09-15T12:39:54.299Z,False,给分,5.0
,保持现状，不断提升,2024-09-15T12:40:17.419Z,False,给分,6.5
,,2024-09-15T12:43:33.363Z,True,教学,5.5
,,2024-09-15T12:45:32.286Z,True,教学,5.0
,给我选课建议,2024-09-15T12:45:37.631Z,True,给分,6.0
,很大帮助,2024-09-15T12:47:27.297Z,True,教学,10.0
,,2024-09-15T12:47:53.344Z,True,教学,7.0
,让选课更加不费脑筋,2024-09-15T12:52:57.174Z,False,教学,7.0
,,2024-09-15T12:58:47.410Z,True,给分,7.0
,客观的评价,2024-09-15T12:59:00.685Z,True,教学,6.0
,,2024-09-15T13:02:58.763Z,False,给分,4.5
,,2024-09-15T13:03:08.195Z,True,教学,5.5
,,2024-09-15T13:10:02.774Z,True,教学,6.0
,帮助我选课,2024-09-15T13:10:45.366Z,False,教学,9.0
,😭😭帮助可怜的新生选课,2024-09-15T13:12:01.894Z,False,教学,3.5
,,2024-09-15T13:15:58.733Z,False,给分,4.0
,,2024-09-15T13:16:48.904Z,False,给分,10.0
,,2024-09-15T13:17:20.165Z,False,给分,6.5
,,2024-09-15T13:20:48.955Z,True,给分,8.0
,,2024-09-15T13:24:58.857Z,True,给分,8.0
,"让选课流程更简单易懂
为大一上选课选啥提供些许指点",2024-09-15T13:26:31.606Z,True,教学,6.5
,,2024-09-15T13:30:27.332Z,True,教学,6.0
,c,2024-09-15T13:34:32.366Z,False,给分,10.0
,,2024-09-15T13:35:49.855Z,True,教学,10.0
,能让我知道看起来很抽象的课程名称实际教授的是什么内容从而更好地匹配我的兴趣，在需要保绩点的情况下也能寻找到给分好的课程,2024-09-15T13:37:48.943Z,True,给分,4.0
,更精准高效,2024-09-15T13:44:38.710Z,True,教学,5.0
,,2024-09-15T13:47:08.787Z,True,给分,10.0
,,2024-09-15T13:45:36.813Z,True,给分,9.0
,,2024-09-15T13:46:09.775Z,False,给分,5.0
,,2024-09-15T13:48:48.442Z,False,教学,6.5
,,2024-09-15T13:50:05.262Z,False,教学,3.5
,,2024-09-15T13:51:48.255Z,False,给分,6.5
,,2024-09-15T13:52:40.808Z,True,教学,7.0
,,2024-09-15T13:56:19.410Z,False,给分,7.0
,,2024-09-15T13:56:42.283Z,True,教学,7.0
,,2024-09-15T14:02:40.652Z,False,给分,6.5
,,2024-09-15T14:03:02.001Z,False,给分,5.0
,解除疑惑,2024-09-15T14:03:24.754Z,False,给分,9.5
,,2024-09-15T14:03:29.413Z,True,教学,5.5
,,2024-09-15T14:04:39.073Z,False,给分,7.0
,,2024-09-15T14:05:24.902Z,False,给分,5.5
,,2024-09-15T14:05:39.931Z,True,给分,7.5
,,2024-09-15T14:05:51.860Z,True,给分,8.0
,,2024-09-15T14:06:44.810Z,False,教学,7.5
,,2024-09-15T14:06:54.559Z,False,给分,10.0
,,2024-09-15T14:07:22.670Z,False,教学,7.0
,,2024-09-15T14:08:18.439Z,True,给分,5.5
,,2024-09-15T14:08:50.389Z,True,给分,5.0
,,2024-09-15T14:09:41.116Z,True,给分,6.5
,,2024-09-15T14:09:58.506Z,True,教学,10.0
,,2024-09-15T14:10:12.068Z,True,教学,10.0
,帮帮孩子稳稳绩点,2024-09-15T14:10:20.212Z,True,给分,8.0
,,2024-09-15T14:11:03.491Z,True,教学,10.0
,,2024-09-15T14:11:11.049Z,True,给分,10.0
,希望多提供一些有关选课和学习方面的帮助,2024-09-15T14:11:22.555Z,False,教学,3.5
,帮助各专业学生推荐好得学分的课与老师优秀的课,2024-09-15T14:12:49.165Z,False,教学,4.5
,,2024-09-15T14:13:41.342Z,True,给分,8.0
,善意提醒,2024-09-15T14:13:45.643Z,True,给分,9.5
,帮帮孩子稳稳绩点,2024-09-15T14:13:11.354Z,True,给分,10.0
,,2024-09-15T14:13:56.564Z,True,教学,5.5
,,2024-09-15T14:14:51.010Z,True,给分,5.0
,,2024-09-15T14:15:30.695Z,True,教学,5.0
,希望能够收获给分好且上课质量高的老师,2024-09-15T14:16:43.644Z,True,给分,5.5
,一起努力,2024-09-15T14:16:51.721Z,False,给分,6.5
,,2024-09-15T14:16:51.168Z,False,给分,3.5
,,2024-09-15T14:19:36.180Z,False,教学,7.0
,,2024-09-15T14:19:53.302Z,True,教学,7.5
,,2024-09-15T14:21:34.668Z,True,给分,7.0
,,2024-09-15T14:21:32.166Z,False,教学,5.5
,,2024-09-15T14:25:00.620Z,True,给分,5.0
,,2024-09-15T14:25:36.017Z,True,教学,10.0
,,2024-09-15T14:26:46.926Z,False,教学,7.0
,希望可以对课程给予中肯的全面的评价,2024-09-15T13:22:22.956Z,True,教学,7.0
,想让大学开个好头,2024-09-15T14:32:45.882Z,True,教学,5.5
,,2024-09-15T14:33:33.284Z,True,给分,5.0
,希望找到给分好教学也好的课程,2024-09-15T14:34:06.811Z,True,教学,8.0
,,2024-09-15T14:34:26.595Z,False,教学,10.0
,,2024-09-15T14:35:15.644Z,False,给分,7.0
,,2024-09-15T14:35:41.169Z,False,给分,6.0
,无,2024-09-15T14:38:21.833Z,True,教学,7.0
,为迷茫的同学指导方向,2024-09-15T14:41:05.784Z,True,教学,5.0
,,2024-09-15T14:42:12.697Z,True,教学,6.0
,,2024-09-15T14:42:29.155Z,True,教学,4.0
,希望能力用有限的时间学到最多的知识,2024-09-15T14:45:40.249Z,True,教学,7.5
,,2024-09-15T14:46:02.684Z,False,给分,4.5
,,2024-09-15T14:46:14.637Z,False,教学,5.5
,,2024-09-15T14:46:42.989Z,True,教学,8.0
,,2024-09-15T14:46:48.357Z,True,给分,8.0
,希望能让我了解更多课程信息,2024-09-15T14:48:02.544Z,True,教学,5.0
,wu,2024-09-15T14:48:24.403Z,True,给分,10.0
,希望能让我了解更多课程信息,2024-09-15T14:47:42.818Z,True,教学,5.0
,希望能让我了解更多课程信息,2024-09-15T14:47:52.458Z,True,教学,5.0
,,2024-09-15T14:49:06.148Z,True,教学,9.5
,,2024-09-15T14:49:57.111Z,True,教学,4.5
,提供选课评价，给与选课建议,2024-09-15T14:49:57.634Z,False,给分,7.5
,交流选课经验,2024-09-15T14:53:17.703Z,False,给分,5.5
,,2024-09-15T15:00:58.466Z,True,给分,9.0
,,2024-09-15T15:03:07.182Z,True,教学,5.5
,,2024-09-15T15:03:25.231Z,False,教学,7.5
,,2024-09-15T15:03:31.326Z,False,给分,4.0
,,2024-09-15T15:07:18.283Z,False,给分,10.0
,,2024-09-15T15:09:03.536Z,False,教学,10.0
,,2024-09-15T15:09:12.660Z,True,给分,3.0
,,2024-09-15T15:10:47.567Z,True,教学,10.0
,为选择符合需求（学真知识/保绩点/发掘兴趣etc）的课程提供指引,2024-09-15T15:11:10.328Z,True,教学,8.5
,提供更多的建议与自己的看法,2024-09-15T15:11:57.361Z,True,教学,5.0
,可以帮助大家选到心仪的课程,2024-09-15T15:16:58.520Z,False,教学,3.0
,课程内容的介绍作业成绩等,2024-09-15T15:17:15.047Z,True,给分,7.5
,,2024-09-15T15:22:30.716Z,True,给分,10.0
,一,2024-09-15T15:26:03.745Z,False,给分,5.0
,一,2024-09-15T15:26:05.028Z,False,给分,5.0
,,2024-09-15T15:28:22.466Z,True,给分,4.0
,,2024-09-15T15:28:20.887Z,True,给分,4.0
,,2024-09-15T15:28:52.371Z,False,教学,10.0
,好,2024-09-15T15:32:13.333Z,False,给分,10.0
,解释一下选课规则orz,2024-09-15T15:33:14.353Z,False,教学,8.0
,,2024-09-15T15:39:40.421Z,False,给分,4.5
,,2024-09-15T15:39:55.057Z,True,给分,6.0
,,2024-09-15T15:40:10.098Z,False,给分,7.5
,,2024-09-15T15:41:06.562Z,True,教学,9.0
,,2024-09-15T15:41:12.979Z,True,教学,5.5
,,2024-09-15T15:41:26.362Z,True,给分,4.5
,,2024-09-15T15:41:44.540Z,True,给分,7.0
,,2024-09-15T15:42:49.539Z,True,给分,5.5
,,2024-09-15T15:42:55.333Z,True,教学,10.0
,,2024-09-15T15:43:01.251Z,True,给分,6.0
,,2024-09-15T15:44:05.617Z,True,给分,3.0
,,2024-09-15T15:44:41.807Z,False,给分,6.0
,,2024-09-15T15:45:19.840Z,False,教学,3.5
,希望在大学中能为学生社区做出应有的贡献,2024-09-15T15:52:24.549Z,False,教学,5.0
,,2024-09-15T15:54:38.822Z,False,给分,6.0
,帮我了解老师情况和课程内容,2024-09-15T15:57:20.976Z,True,教学,7.5
,,2024-09-15T15:58:43.782Z,True,给分,5.0
,,2024-09-15T16:00:09.570Z,True,给分,6.0
,,2024-09-15T16:02:51.618Z,False,给分,6.0
,避免一些不大好的老师,2024-09-15T16:13:36.602Z,True,教学,7.0
,,2024-09-15T16:13:50.519Z,True,给分,6.0
,帮助学生了解每门课的教学任务，课程难易和课堂环境,2024-09-15T16:13:57.283Z,False,教学,4.5
,,2024-09-15T16:19:31.985Z,True,给分,9.5
,,2024-09-15T16:27:50.957Z,True,给分,4.5
,,2024-09-15T16:28:40.008Z,False,给分,5.0
,"加油！
",2024-09-15T16:32:04.091Z,True,给分,6.0
,了解更多课程信息,2024-09-15T16:33:22.980Z,True,给分,3.5
,,2024-09-15T16:34:45.670Z,False,给分,5.5
,,2024-09-15T16:34:51.945Z,True,教学,6.0
,,2024-09-15T16:39:43.496Z,True,教学,6.0
,,2024-09-15T16:40:13.439Z,True,给分,5.0
,,2024-09-15T16:47:45.186Z,False,给分,7.0
,"11
",2024-09-15T16:47:52.437Z,True,给分,6.0
,,2024-09-15T16:55:22.797Z,True,给分,10.0
,能告诉我哪些课给分好，以及课程的大致内容与考核,2024-09-15T17:32:04.511Z,True,给分,5.5
,,2024-09-15T17:36:01.761Z,True,教学,1.0
,介绍好老师,2024-09-15T23:10:44.143Z,False,给分,7.0
,,2024-09-15T23:12:31.587Z,True,给分,5.0
,,2024-09-15T23:14:44.833Z,True,教学,4.5
,,2024-09-15T23:16:10.895Z,True,给分,5.5
,,2024-09-15T23:17:38.961Z,True,教学,7.5
,帮助学生取得更好成绩,2024-09-15T23:18:03.538Z,True,给分,7.0
,,2024-09-15T23:20:22.979Z,True,教学,7.0
,,2024-09-15T23:21:32.318Z,False,教学,10.0
,,2024-09-15T23:23:21.918Z,True,教学,6.0
,,2024-09-15T23:27:24.552Z,True,教学,8.0
,虽然说老师水准更重要，但是我希望能够更轻松地水到更高分,2024-09-15T23:28:44.022Z,True,教学,10.0
,,2024-09-15T23:30:10.605Z,True,给分,4.5
,帮助我选到适合自己的老师和课程,2024-09-15T23:30:33.063Z,False,教学,4.0
,,2024-09-15T23:32:00.214Z,True,教学,4.5
,布吉岛,2024-09-15T23:34:11.086Z,True,给分,5.0
,,2024-09-15T23:38:51.721Z,True,给分,5.0
,更好帮助学生选对课,2024-09-15T23:40:36.491Z,True,给分,7.0
,可以选到心仪的老师,2024-09-15T23:41:50.969Z,True,教学,5.0
,,2024-09-15T23:43:21.741Z,False,教学,6.0
,能让我们了解到更多东西,2024-09-15T23:45:37.878Z,False,教学,6.0
,选好课,2024-09-15T23:45:47.033Z,False,给分,3.0
,,2024-09-15T23:47:39.763Z,False,给分,7.0
,提供更多关于选课的信息，帮助同学们选到心仪课程和老师。,2024-09-15T23:48:28.499Z,True,教学,6.0
,,2024-09-15T23:48:57.512Z,False,教学,4.0
,,2024-09-15T23:50:02.464Z,False,教学,4.0
,,2024-09-15T23:50:21.669Z,True,给分,5.0
,,2024-09-15T23:51:55.513Z,False,给分,6.0
,,2024-09-15T23:53:41.305Z,True,给分,5.0
,帮助我更好地选择,2024-09-15T23:53:48.831Z,True,给分,4.5
,帮助我更好了解,2024-09-15T23:54:09.549Z,True,教学,7.0
,,2024-09-15T23:54:46.537Z,False,给分,6.5
,,2024-09-15T23:55:32.251Z,True,教学,6.0
,希望能选到好老师,2024-09-15T23:55:47.821Z,True,教学,4.5
,,2024-09-15T23:55:54.253Z,False,给分,7.0
,,2024-09-15T23:57:05.087Z,True,教学,5.5
,可以介绍一下选课,2024-09-15T23:57:14.768Z,False,教学,8.0
,了解一下,2024-09-15T23:58:49.245Z,True,教学,5.0
,增进对不同老师不同课程的了解，方便同学选到心怡的课程,2024-09-15T23:58:58.515Z,False,给分,7.0
,,2024-09-16T00:00:52.743Z,True,给分,6.0
,,2024-09-16T00:02:56.798Z,False,教学,5.5
,,2024-09-16T00:03:39.279Z,False,教学,5.5
,能让我知道不同老师上课的情况和给分好坏,2024-09-16T00:04:38.411Z,True,教学,4.0
,,2024-09-16T00:05:38.549Z,True,教学,4.0
,帮我更好的了解选课系统以及流程,2024-09-16T00:05:39.804Z,True,教学,5.5
,,2024-09-16T00:06:37.483Z,False,教学,6.0
,,2024-09-16T00:06:42.644Z,False,教学,6.0
,,2024-09-16T00:08:35.918Z,False,给分,4.0
,,2024-09-16T00:08:54.285Z,True,给分,7.5
,,2024-09-16T00:09:08.780Z,False,给分,6.5
,提供信息，减少踩坑几率,2024-09-16T00:09:59.860Z,True,给分,5.5
,,2024-09-16T00:10:29.050Z,False,给分,7.0
,,2024-09-16T00:11:37.737Z,False,给分,4.5
,,2024-09-16T00:11:49.568Z,True,给分,5.0
,,2024-09-16T00:13:06.086Z,True,给分,5.0
,帮助了解老师的授课风格、给分情况、考核形式、分数构成、高分关键等核心信息,2024-09-16T00:13:05.484Z,True,给分,4.0
,,2024-09-16T00:16:23.800Z,True,给分,4.5
,帮我选取好老师,2024-09-16T00:16:41.077Z,True,给分,6.0
,,2024-09-16T00:17:44.987Z,False,给分,5.5
,,2024-09-16T00:19:06.330Z,False,给分,5.5
,,2024-09-16T00:21:17.580Z,False,给分,7.5
,,2024-09-16T00:21:32.437Z,True,教学,4.0
,,2024-09-16T00:24:15.756Z,True,给分,3.0
,,2024-09-16T00:24:54.543Z,False,给分,6.0
,,2024-09-16T00:25:44.633Z,False,给分,4.5
,充分指导新生踏入大学生活,2024-09-16T00:26:44.469Z,False,教学,6.0
,,2024-09-16T00:28:31.056Z,False,给分,3.5
,,2024-09-16T00:30:36.813Z,False,给分,5.0
,,2024-09-16T00:30:40.126Z,True,给分,4.0
,,2024-09-16T00:32:42.494Z,True,教学,5.0
,,2024-09-16T00:33:26.931Z,True,给分,6.0
,,2024-09-16T00:34:11.886Z,False,给分,5.0
,,2024-09-16T00:41:21.544Z,False,给分,4.0
,,2024-09-16T00:44:04.094Z,True,教学,6.5
,选到给分好的课,2024-09-16T00:44:55.601Z,True,给分,8.0
,,2024-09-16T00:45:20.662Z,True,教学,6.0
,,2024-09-16T00:46:05.383Z,True,教学,6.0
,x,2024-09-16T00:46:15.713Z,True,教学,10.0
,无建议,2024-09-16T00:46:28.097Z,True,教学,4.5
,,2024-09-16T00:47:58.251Z,False,给分,6.0
,,2024-09-16T00:48:25.482Z,True,给分,5.0
,,2024-09-16T00:48:22.502Z,False,教学,6.0
,,2024-09-16T00:48:24.285Z,True,给分,6.0
,,2024-09-16T00:49:19.905Z,True,教学,4.5
,建议推荐,2024-09-16T00:50:27.368Z,True,给分,4.0
,,2024-09-16T00:54:10.493Z,False,教学,5.5
,,2024-09-16T00:58:00.097Z,True,给分,8.5
,,2024-09-16T00:58:25.933Z,False,给分,7.0
,。。,2024-09-16T00:58:50.059Z,True,给分,4.0
,,2024-09-16T01:00:16.472Z,False,给分,5.5
,,2024-09-16T01:01:03.692Z,True,给分,4.5
,,2024-09-16T01:02:25.865Z,True,教学,5.5
,,2024-09-16T01:02:25.792Z,True,教学,5.5
,提供清晰的选课,2024-09-16T01:03:37.217Z,True,给分,4.0
,,2024-09-16T01:04:42.850Z,True,教学,5.0
,,2024-09-16T01:05:44.291Z,True,给分,8.5
,,2024-09-16T01:06:41.685Z,False,给分,3.5
,,2024-09-16T01:08:46.630Z,False,给分,6.0
,,2024-09-16T01:10:36.600Z,False,给分,5.5
,,2024-09-16T01:10:36.823Z,False,给分,5.5
,,2024-09-16T01:10:59.129Z,False,给分,4.5
,,2024-09-16T01:10:59.552Z,False,给分,4.5
,,2024-09-16T01:11:01.781Z,True,给分,9.5
,,2024-09-16T01:11:18.563Z,False,给分,5.5
,,2024-09-16T01:11:31.111Z,False,给分,5.5
,,2024-09-16T01:12:19.039Z,True,教学,5.5
,,2024-09-16T01:12:50.115Z,True,教学,6.0
,,2024-09-16T01:13:09.840Z,False,教学,3.0
,,2024-09-16T01:13:29.076Z,True,教学,9.0
,,2024-09-16T01:16:23.117Z,True,给分,3.5
,,2024-09-16T01:16:36.769Z,True,教学,5.5
,,2024-09-16T01:16:42.938Z,True,给分,6.0
,,2024-09-16T01:17:56.039Z,True,教学,10.0
,,2024-09-16T01:18:13.487Z,True,教学,6.0
,,2024-09-16T01:19:22.995Z,True,给分,7.0
,,2024-09-16T01:19:00.362Z,True,教学,7.0
,,2024-09-16T01:19:31.424Z,True,给分,9.0
,,2024-09-16T01:19:37.235Z,True,教学,5.5
,,2024-09-16T01:21:18.115Z,True,教学,6.0
,好,2024-09-16T01:22:39.394Z,True,教学,5.5
,,2024-09-16T01:23:09.895Z,True,教学,3.0
,,2024-09-16T01:23:51.595Z,False,给分,4.5
,提前了解该课程，能根据自己情况选择,2024-09-16T01:24:01.995Z,True,给分,4.0
,,2024-09-16T01:24:13.380Z,True,给分,5.5
,,2024-09-16T01:26:24.655Z,False,给分,7.0
,,2024-09-16T01:27:34.911Z,True,教学,4.5
,,2024-09-16T01:27:45.149Z,True,教学,8.0
,,2024-09-16T01:28:52.289Z,False,给分,4.5
,,2024-09-16T01:30:57.974Z,False,教学,4.0
,,2024-09-16T01:32:56.897Z,False,教学,5.0
,,2024-09-16T01:33:57.924Z,False,教学,6.5
,,2024-09-16T01:34:17.777Z,False,教学,4.0
,,2024-09-16T01:34:40.591Z,True,教学,9.5
,,2024-09-16T01:35:53.154Z,False,教学,5.5
,还,2024-09-16T01:36:15.454Z,True,教学,6.0
,,2024-09-16T01:37:55.427Z,False,教学,5.5
,,2024-09-16T01:39:26.071Z,False,教学,5.0
,,2024-09-16T01:41:13.799Z,False,给分,6.5
,,2024-09-16T01:42:31.367Z,False,给分,3.5
,,2024-09-16T01:43:18.519Z,False,给分,4.0
,教师教学,2024-09-16T01:45:05.046Z,False,教学,6.0
,,2024-09-16T01:45:35.694Z,True,给分,8.0
,,2024-09-16T01:46:04.427Z,True,给分,6.0
,,2024-09-16T01:46:20.022Z,True,教学,9.5
,jy,2024-09-16T01:46:43.052Z,False,给分,4.0
,,2024-09-16T01:46:49.463Z,True,教学,5.0
,,2024-09-16T01:47:34.969Z,False,给分,4.5
,,2024-09-16T01:49:24.630Z,True,教学,5.5
,,2024-09-16T01:53:22.144Z,False,给分,4.5
,,2024-09-16T01:53:34.610Z,True,给分,4.5
,了解老师,2024-09-16T01:54:15.643Z,True,给分,4.5
,无,2024-09-16T01:54:58.141Z,False,教学,5.5
,,2024-09-16T01:55:40.967Z,True,给分,6.0
,,2024-09-16T01:55:44.001Z,True,给分,6.5
,,2024-09-16T01:56:13.550Z,True,给分,5.0
,,2024-09-16T01:56:56.236Z,True,给分,6.0
,,2024-09-16T02:02:21.611Z,True,给分,1.0
,,2024-09-16T02:02:19.707Z,True,给分,1.0
,,2024-09-16T02:02:39.449Z,True,给分,10.0
,,2024-09-16T02:03:07.960Z,True,给分,1.0
,了解课程，教学老师的教学风格,2024-09-16T02:03:38.414Z,True,教学,6.0
,,2024-09-16T02:04:13.287Z,True,给分,5.0
,,2024-09-16T02:06:02.111Z,True,教学,6.0
,,2024-09-16T02:07:50.283Z,False,给分,5.5
,,2024-09-16T02:08:55.506Z,True,教学,7.0
,,2024-09-16T02:09:25.936Z,False,给分,5.0
,,2024-09-16T02:10:27.792Z,True,给分,4.5
,详细讲解大学选课制度，评价老师授课水平，给分高低,2024-09-16T02:12:06.510Z,False,给分,6.0
,,2024-09-16T02:12:56.315Z,True,教学,7.5
,,2024-09-16T02:13:14.633Z,True,教学,2.5
,,2024-09-16T02:13:48.766Z,True,教学,6.0
,无,2024-09-16T02:14:08.350Z,True,教学,6.0
,,2024-09-16T02:15:26.232Z,True,教学,7.0
,,2024-09-16T02:15:38.369Z,False,给分,6.0
,,2024-09-16T02:16:05.860Z,True,给分,5.5
,,2024-09-16T02:16:06.178Z,True,给分,5.5
,,2024-09-16T02:16:37.623Z,True,教学,4.0
,无,2024-09-16T02:17:08.987Z,True,教学,6.0
,没有,2024-09-16T02:17:10.038Z,False,给分,3.0
,,2024-09-16T02:18:06.141Z,False,教学,4.5
,,2024-09-16T02:18:58.730Z,True,给分,4.0
,帮助同学能更好的在大学学习、毕业,2024-09-16T02:20:27.647Z,False,教学,4.5
,,2024-09-16T02:20:51.494Z,False,给分,4.5
,,2024-09-16T02:21:28.422Z,True,给分,6.0
,,2024-09-16T02:22:10.541Z,False,给分,4.5
,,2024-09-16T02:22:46.992Z,True,教学,9.0
,真实的评价,2024-09-16T02:22:58.951Z,True,给分,6.0
,,2024-09-16T02:23:43.227Z,True,给分,7.0
,,2024-09-16T02:23:45.674Z,True,教学,6.5
,,2024-09-16T02:25:23.939Z,True,教学,5.5
,,2024-09-16T02:25:40.742Z,True,给分,7.0
,能够给出选课各方面的建议，让新生对大学有更清晰的认知,2024-09-16T02:25:46.068Z,True,教学,6.0
,xc,2024-09-16T02:26:14.669Z,False,给分,4.0
,,2024-09-16T02:26:26.055Z,True,教学,7.5
,,2024-09-16T02:28:00.473Z,True,给分,9.5
,,2024-09-16T02:29:13.892Z,False,给分,5.0
,y,2024-09-16T02:32:43.671Z,True,教学,6.0
,,2024-09-16T02:33:10.045Z,True,教学,9.0
,,2024-09-16T02:36:03.351Z,False,给分,6.0
,棒,2024-09-16T02:36:20.464Z,True,给分,4.5
,,2024-09-16T02:36:27.678Z,True,给分,7.0
,,2024-09-16T02:36:42.381Z,False,给分,5.0
,,2024-09-16T02:36:41.481Z,True,给分,5.0
,,2024-09-16T02:37:02.508Z,True,教学,5.5
,,2024-09-16T02:37:40.030Z,True,教学,4.5
,,2024-09-16T02:39:04.597Z,True,教学,7.0
,,2024-09-16T02:39:37.844Z,True,给分,4.0
,,2024-09-16T02:41:29.117Z,True,给分,10.0
,行了,2024-09-16T02:42:02.954Z,True,教学,6.5
,帮助查询课程,2024-09-16T02:42:29.130Z,True,给分,6.5
,,2024-09-16T02:44:36.287Z,True,教学,7.5
,找到给分好的老师,2024-09-16T02:45:37.004Z,False,给分,1.0
,,2024-09-16T02:47:23.510Z,True,教学,6.0
,,2024-09-16T02:47:56.029Z,False,给分,4.0
,,2024-09-16T02:49:29.867Z,True,给分,10.0
,,2024-09-16T02:49:53.447Z,True,教学,3.5
,,2024-09-16T02:49:57.994Z,True,给分,4.5
,,2024-09-16T02:49:50.165Z,True,教学,3.5
,加油,2024-09-16T02:51:19.797Z,False,教学,4.0
,建议,2024-09-16T02:54:14.750Z,True,给分,4.0
,,2024-09-16T02:55:19.946Z,True,给分,7.0
,,2024-09-16T02:56:57.919Z,False,给分,5.5
,,2024-09-16T02:57:39.461Z,True,教学,10.0
,,2024-09-16T02:59:10.050Z,False,给分,4.0
,,2024-09-16T03:01:42.906Z,True,教学,4.0
,,2024-09-16T03:01:48.015Z,True,给分,6.5
,,2024-09-16T03:01:48.799Z,True,给分,6.5
,,2024-09-16T03:02:58.111Z,True,教学,6.0
,无,2024-09-16T03:03:13.396Z,False,教学,6.0
,,2024-09-16T03:03:40.539Z,False,给分,6.5
,,2024-09-16T03:03:51.946Z,True,教学,4.0
,,2024-09-16T03:04:46.921Z,False,给分,5.5
,,2024-09-16T03:03:33.916Z,True,给分,3.0
,,2024-09-16T03:06:59.587Z,True,教学,5.5
,带来好处,2024-09-16T03:07:22.942Z,True,教学,7.0
,,2024-09-16T03:08:47.458Z,True,给分,5.0
,,2024-09-16T03:10:44.383Z,False,教学,6.5
,高级点,2024-09-16T03:12:19.130Z,False,给分,5.0
,,2024-09-16T03:14:27.193Z,True,教学,6.0
,,2024-09-16T03:15:29.290Z,False,教学,5.0
,帮助同学们找到适合自己的老师,2024-09-16T03:16:29.884Z,True,教学,5.0
,,2024-09-16T03:16:54.089Z,False,给分,9.0
,,2024-09-16T03:17:24.072Z,True,教学,6.5
,,2024-09-16T03:17:33.699Z,False,教学,4.5
,,2024-09-16T03:18:06.752Z,True,教学,6.5
,,2024-09-16T03:18:49.325Z,True,给分,7.0
,,2024-09-16T03:19:13.809Z,True,给分,6.5
,,2024-09-16T03:19:13.934Z,True,给分,6.5
,,2024-09-16T03:19:41.514Z,False,给分,1.0
,了解哪个老师教学水平高且给分好,2024-09-16T03:20:21.365Z,False,给分,3.0
,,2024-09-16T03:21:17.398Z,True,教学,7.5
,,2024-09-16T03:21:52.257Z,False,给分,5.0
,,2024-09-16T03:22:15.666Z,True,给分,6.5
,,2024-09-16T03:23:26.882Z,True,给分,3.5
,,2024-09-16T03:23:32.413Z,True,教学,5.0
,,2024-09-16T03:23:36.008Z,True,教学,7.0
,平均分和评价,2024-09-16T03:24:27.629Z,False,给分,5.5
,,2024-09-16T03:25:25.898Z,True,教学,5.5
,,2024-09-16T03:26:13.450Z,False,给分,4.5
,好,2024-09-16T03:26:50.633Z,True,教学,3.5
,,2024-09-16T03:27:14.527Z,True,给分,5.5
,为我们指路,2024-09-16T03:28:05.979Z,False,给分,6.5
,,2024-09-16T03:29:22.254Z,False,教学,5.5
,,2024-09-16T03:31:10.153Z,True,给分,4.0
,,2024-09-16T03:31:40.908Z,True,给分,7.5
,,2024-09-16T03:35:44.099Z,True,给分,6.0
,,2024-09-16T03:36:23.547Z,True,给分,5.5
,,2024-09-16T03:38:57.374Z,True,教学,6.5
,,2024-09-16T03:38:33.294Z,True,教学,6.0
,,2024-09-16T03:40:13.796Z,True,给分,7.5
,多给点指引,2024-09-16T03:39:10.626Z,False,教学,6.5
,,2024-09-16T03:39:28.446Z,True,给分,5.0
,,2024-09-16T03:39:47.744Z,False,给分,4.5
,,2024-09-16T03:40:48.544Z,True,给分,7.0
,好,2024-09-16T03:41:11.329Z,False,教学,6.0
,,2024-09-16T03:43:10.324Z,True,教学,7.0
,,2024-09-16T03:43:13.392Z,False,给分,6.0
,,2024-09-16T03:46:46.860Z,True,给分,6.0
,,2024-09-16T03:48:12.397Z,False,给分,6.0
,,2024-09-16T03:51:35.111Z,False,给分,4.0
,,2024-09-16T03:52:28.092Z,True,给分,9.0
,,2024-09-16T03:52:36.120Z,False,给分,9.5
,,2024-09-16T03:53:28.459Z,True,给分,10.0
,,2024-09-16T03:53:29.492Z,True,给分,10.0
,,2024-09-16T03:53:28.845Z,False,给分,5.5
,可以系统讲解一下到底怎么选课，什么课要选什么课不选,2024-09-16T03:54:45.672Z,True,给分,3.0
,,2024-09-16T03:55:06.678Z,True,教学,9.5
,,2024-09-16T03:55:32.846Z,False,教学,5.0
,,2024-09-16T03:57:07.875Z,True,教学,5.5
,,2024-09-16T03:57:16.847Z,False,教学,6.0
,,2024-09-16T04:01:36.612Z,False,教学,7.0
,,2024-09-16T04:02:47.816Z,False,教学,10.0
,,2024-09-16T04:03:03.934Z,True,给分,7.0
,,2024-09-16T04:04:41.826Z,True,教学,9.5
,,2024-09-16T04:06:03.265Z,False,给分,4.5
,,2024-09-16T04:06:32.648Z,True,给分,1.0
,,2024-09-16T04:06:58.302Z,True,教学,6.0
,,2024-09-16T04:07:29.582Z,False,教学,10.0
,,2024-09-16T04:09:19.832Z,False,给分,5.0
,,2024-09-16T04:09:36.979Z,True,给分,6.0
,,2024-09-16T04:09:48.529Z,False,给分,6.0
,好,2024-09-16T04:09:52.297Z,True,教学,5.5
,,2024-09-16T04:11:34.747Z,True,给分,9.5
,,2024-09-16T04:12:39.437Z,True,给分,7.0
,,2024-09-16T04:12:27.984Z,True,教学,10.0
,,2024-09-16T04:14:32.959Z,True,给分,5.0
,,2024-09-16T04:14:42.422Z,True,给分,6.0
,,2024-09-16T04:15:04.467Z,True,教学,6.0
,好,2024-09-16T04:15:08.657Z,True,教学,5.5
,,2024-09-16T04:15:10.357Z,True,教学,6.0
,,2024-09-16T04:15:15.176Z,True,教学,8.5
,,2024-09-16T04:15:42.882Z,True,给分,4.5
,,2024-09-16T04:16:27.789Z,True,教学,10.0
,,2024-09-16T04:17:52.551Z,True,给分,6.0
,,2024-09-16T04:20:16.308Z,False,给分,4.5
,更加透明的揭露老师的优缺点,2024-09-16T04:20:33.161Z,False,给分,4.0
,,2024-09-16T04:22:01.812Z,False,给分,3.5
,,2024-09-16T04:22:35.211Z,True,给分,4.0
,,2024-09-16T04:23:06.208Z,True,教学,10.0
,hao,2024-09-16T04:24:54.906Z,True,教学,6.5
,,2024-09-16T04:25:28.011Z,True,给分,6.0
,,2024-09-16T04:26:05.622Z,True,给分,10.0
,帮助选课,2024-09-16T04:26:32.399Z,True,教学,7.0
,选择什么样的课,2024-09-16T04:27:10.611Z,True,教学,7.0
,无,2024-09-16T04:30:07.960Z,False,给分,6.0
,,2024-09-16T04:30:24.863Z,True,教学,7.0
,,2024-09-16T04:30:25.248Z,True,教学,7.0
,"无
",2024-09-16T04:31:23.063Z,False,给分,10.0
,选到心仪的课程,2024-09-16T04:32:03.782Z,True,给分,10.0
,,2024-09-16T04:32:12.038Z,True,教学,9.5
,,2024-09-16T04:33:55.379Z,False,教学,10.0
,,2024-09-16T04:36:23.974Z,True,给分,10.0
,,2024-09-16T04:35:14.868Z,False,给分,3.5
,,2024-09-16T04:35:25.223Z,True,教学,9.0
,,2024-09-16T04:35:42.783Z,True,教学,5.5
,,2024-09-16T04:35:44.210Z,False,给分,4.5
,,2024-09-16T04:36:55.140Z,False,给分,4.5
,,2024-09-16T04:37:43.005Z,True,给分,7.5
,,2024-09-16T04:38:07.935Z,True,给分,6.0
,,2024-09-16T04:38:33.851Z,True,教学,10.0
,,2024-09-16T04:41:26.221Z,True,给分,7.0
,,2024-09-16T04:42:21.744Z,True,给分,9.5
,,2024-09-16T04:42:42.268Z,True,给分,6.0
,,2024-09-16T04:43:10.361Z,True,给分,4.5
,,2024-09-16T04:44:12.107Z,False,给分,5.0
,,2024-09-16T04:44:24.735Z,False,给分,6.0
,,2024-09-16T04:44:25.934Z,False,给分,6.0
,让我加油,2024-09-16T04:44:54.983Z,False,给分,6.0
,,2024-09-16T04:45:24.107Z,True,给分,5.5
,,2024-09-16T04:45:25.536Z,True,给分,5.5
,,2024-09-16T04:45:37.132Z,True,教学,5.0
,新生友好点,2024-09-16T04:45:58.756Z,True,给分,5.5
,,2024-09-16T04:46:37.253Z,False,教学,6.0
,,2024-09-16T04:46:58.236Z,True,教学,5.0
,,2024-09-16T04:46:59.015Z,True,教学,5.0
,,2024-09-16T04:47:31.689Z,True,教学,10.0
,,2024-09-16T04:47:33.041Z,True,教学,10.0
,避开水课,2024-09-16T04:48:06.358Z,False,给分,3.5
,,2024-09-16T04:48:47.140Z,True,教学,8.5
,提供参考,2024-09-16T04:50:06.146Z,False,给分,5.0
,,2024-09-16T04:51:47.618Z,True,教学,5.5
,,2024-09-16T04:52:53.697Z,True,给分,4.0
,方便的选课,2024-09-16T04:53:48.585Z,True,给分,6.0
,为新生提供帮助,2024-09-16T04:55:21.566Z,True,教学,6.0
,,2024-09-16T04:56:22.197Z,True,教学,10.0
,,2024-09-16T04:56:43.174Z,True,给分,5.0
,,2024-09-16T04:58:27.521Z,False,教学,6.0
,,2024-09-16T05:02:32.780Z,False,教学,7.0
,能收集各个老师的给分情况与教学能力评价并统计，在为学生提供选课建议,2024-09-16T05:02:56.837Z,True,给分,6.0
,,2024-09-16T05:03:04.542Z,True,教学,7.0
,,2024-09-16T05:04:21.578Z,False,给分,6.0
,,2024-09-16T05:05:45.641Z,True,教学,9.5
,,2024-09-16T05:06:20.260Z,False,教学,10.0
,,2024-09-16T05:07:07.606Z,True,教学,8.0
,,2024-09-16T05:07:16.072Z,True,教学,5.0
,顺利毕业,2024-09-16T05:07:33.160Z,False,给分,3.0
,111,2024-09-16T05:08:06.130Z,False,教学,5.5
,了解选课模式和老师情况,2024-09-16T05:09:45.105Z,True,给分,6.5
,,2024-09-16T05:10:22.782Z,True,教学,5.5
,,2024-09-16T05:15:17.039Z,True,给分,10.0
,,2024-09-16T05:12:29.441Z,True,给分,9.0
,,2024-09-16T05:12:04.503Z,False,教学,10.0
,,2024-09-16T05:13:27.175Z,True,教学,9.0
,,2024-09-16T05:14:32.838Z,False,给分,6.5
,,2024-09-16T05:14:42.436Z,True,给分,6.5
,,2024-09-16T05:15:48.628Z,True,给分,7.0
,,2024-09-16T05:17:38.600Z,True,教学,6.0
,分析教学内容，老师本人风格以及给分标准,2024-09-16T05:18:09.618Z,True,教学,6.0
,,2024-09-16T05:18:36.408Z,True,给分,5.5
,,2024-09-16T05:19:05.108Z,True,给分,8.0
,,2024-09-16T05:19:41.028Z,False,教学,5.0
,能够帮助我们更全面了解课程,2024-09-16T05:19:47.970Z,True,教学,10.0
,,2024-09-16T05:20:00.705Z,True,教学,4.5
,,2024-09-16T05:20:48.967Z,False,给分,4.0
,很好,2024-09-16T05:21:12.013Z,True,给分,5.5
,,2024-09-16T05:21:58.184Z,True,教学,8.0
,,2024-09-16T05:22:36.259Z,True,教学,4.0
,,2024-09-16T05:23:00.194Z,False,教学,3.5
,,2024-09-16T05:23:27.668Z,True,给分,10.0
,,2024-09-16T05:23:30.153Z,False,教学,3.5
,好,2024-09-16T05:25:14.380Z,True,给分,8.0
,希望能详实统计出老师水平,2024-09-16T05:25:36.973Z,True,给分,5.5
,,2024-09-16T05:26:35.532Z,True,给分,4.0
,,2024-09-16T05:27:30.074Z,True,教学,5.5
,,2024-09-16T05:27:31.803Z,True,教学,5.5
,帮助我找到自己喜欢的课程与老师，提供建议,2024-09-16T05:28:34.355Z,True,教学,5.5
,,2024-09-16T05:29:01.610Z,True,教学,10.0
,,2024-09-16T05:29:04.059Z,True,教学,6.5
,,2024-09-16T05:29:29.909Z,True,教学,9.5
,,2024-09-16T05:29:51.516Z,False,给分,9.5
,,2024-09-16T05:31:43.166Z,True,教学,7.0
,,2024-09-16T05:32:26.688Z,True,教学,6.0
,能给一些参考意见吧,2024-09-16T05:32:47.576Z,True,给分,5.0
,,2024-09-16T05:33:11.971Z,True,教学,5.0
,,2024-09-16T05:33:16.805Z,True,教学,10.0
,,2024-09-16T05:34:10.469Z,True,教学,9.0
,,2024-09-16T05:35:23.398Z,True,教学,6.0
,老师给分好坏，人品,2024-09-16T05:35:24.771Z,True,教学,6.0
,,2024-09-16T05:35:41.442Z,True,教学,5.0
,,2024-09-16T05:36:14.981Z,True,给分,8.0
,,2024-09-16T05:36:31.802Z,False,教学,10.0
,,2024-09-16T05:37:37.691Z,True,教学,6.5
,,2024-09-16T05:38:04.061Z,True,教学,5.0
,,2024-09-16T05:41:07.109Z,False,给分,7.0
,,2024-09-16T05:44:41.982Z,True,给分,9.5
,选到给分高的课程,2024-09-16T05:45:14.105Z,False,给分,1.0
,,2024-09-16T05:45:20.334Z,True,给分,8.0
,,2024-09-16T05:46:13.013Z,False,教学,10.0
,,2024-09-16T05:46:44.151Z,True,教学,4.0
,,2024-09-16T05:46:55.529Z,True,给分,6.0
,,2024-09-16T05:47:42.406Z,False,给分,6.5
,,2024-09-16T05:48:50.811Z,True,给分,5.5
,,2024-09-16T05:48:52.455Z,True,给分,5.5
,,2024-09-16T05:50:16.633Z,False,给分,1.5
,,2024-09-16T05:51:38.586Z,True,给分,4.0
,,2024-09-16T05:52:22.006Z,True,教学,7.0
,方便准确的老师评价,2024-09-16T05:53:33.965Z,True,教学,10.0
,,2024-09-16T05:54:38.292Z,False,给分,10.0
,,2024-09-16T05:54:50.515Z,True,给分,7.0
,,2024-09-16T06:00:57.315Z,True,给分,5.5
,集思广益，促进共同成长,2024-09-16T06:01:06.075Z,True,教学,6.5
,,2024-09-16T06:03:04.169Z,True,给分,6.0
,,2024-09-16T06:03:43.243Z,True,给分,6.0
,,2024-09-16T06:05:26.316Z,True,教学,7.0
,,2024-09-16T06:05:43.435Z,False,教学,6.5
,,2024-09-16T06:05:53.857Z,True,给分,5.5
,,2024-09-16T06:07:35.729Z,True,给分,10.0
,🈚️,2024-09-16T06:07:43.489Z,False,给分,5.0
,,2024-09-16T06:10:04.764Z,True,给分,5.0
,,2024-09-16T06:10:34.269Z,False,教学,10.0
,,2024-09-16T06:18:29.330Z,True,教学,6.0
,,2024-09-16T06:22:49.589Z,True,给分,1.0
,,2024-09-16T06:22:57.854Z,True,教学,7.5
,,2024-09-16T06:24:09.593Z,True,给分,7.0
,,2024-09-16T06:29:55.955Z,False,给分,3.5
,,2024-09-16T06:31:21.515Z,False,教学,9.5
,,2024-09-16T06:32:29.503Z,True,教学,7.0
,,2024-09-16T06:33:39.883Z,True,教学,5.0
,,2024-09-16T06:34:15.799Z,True,给分,3.5
,,2024-09-16T06:35:26.203Z,False,给分,6.0
,,2024-09-16T06:35:48.563Z,False,给分,5.0
,,2024-09-16T06:37:45.019Z,True,教学,10.0
,无,2024-09-16T06:39:18.948Z,True,教学,5.0
,好的,2024-09-16T06:41:18.940Z,True,教学,5.0
,,2024-09-16T06:46:57.958Z,False,教学,7.5
,,2024-09-16T06:48:24.927Z,False,教学,5.5
,,2024-09-16T06:48:56.793Z,True,教学,4.0
,,2024-09-16T06:50:19.315Z,True,教学,6.0
,,2024-09-16T06:51:18.453Z,True,教学,6.0
,更好地选课,2024-09-16T06:53:54.149Z,True,给分,4.5
,,2024-09-16T06:55:44.613Z,True,给分,4.0
,,2024-09-16T06:56:18.997Z,True,教学,6.5
,很大,2024-09-16T06:56:36.506Z,True,给分,5.5
,,2024-09-16T06:57:12.264Z,False,给分,6.5
,,2024-09-16T07:00:34.558Z,True,教学,5.5
,,2024-09-16T07:07:42.646Z,True,教学,5.0
,"能提供一下选课上的建议，老师给分的好坏之类的
",2024-09-16T07:08:29.839Z,True,给分,3.0
,,2024-09-16T07:09:57.341Z,True,教学,5.5
,,2024-09-16T07:15:25.301Z,True,教学,5.5
,让我拥有更游刃有余的大学生活,2024-09-16T07:15:31.236Z,False,给分,5.0
,,2024-09-16T07:18:03.329Z,False,教学,3.0
,,2024-09-16T07:18:54.116Z,True,教学,7.5
,让我知道什么课可以选,2024-09-16T07:25:53.416Z,False,教学,7.0
,,2024-09-16T07:27:26.776Z,False,教学,4.0
,,2024-09-16T07:29:38.604Z,True,给分,7.0
,无,2024-09-16T07:37:06.279Z,False,给分,4.0
,,2024-09-16T07:37:36.698Z,True,给分,6.0
,帮我选课,2024-09-16T07:52:08.168Z,False,教学,4.0
,,2024-09-16T07:52:58.122Z,False,教学,5.0
,,2024-09-16T07:53:15.564Z,True,给分,5.0
,,2024-09-16T07:53:47.938Z,True,给分,6.5
,,2024-09-16T07:54:01.482Z,True,教学,6.0
,,2024-09-16T07:54:14.408Z,True,给分,6.0
,,2024-09-16T07:54:23.496Z,True,给分,6.5
,,2024-09-16T07:55:52.639Z,True,教学,4.5
,,2024-09-16T07:55:53.175Z,True,给分,5.5
,,2024-09-16T07:56:27.475Z,True,给分,6.0
,好的,2024-09-16T07:56:35.324Z,True,教学,5.5
,,2024-09-16T07:56:40.331Z,True,给分,5.0
,,2024-09-16T07:56:53.911Z,True,给分,5.5
,,2024-09-16T07:58:05.025Z,True,教学,7.0
,无,2024-09-16T07:58:18.475Z,True,给分,3.5
,让我选到有趣的课,2024-09-16T08:01:31.407Z,True,教学,4.5
,,2024-09-16T08:02:07.772Z,False,给分,4.0
,丰富的校园生活,2024-09-16T08:02:10.351Z,True,教学,6.0
,,2024-09-16T08:02:37.857Z,True,给分,5.0
,,2024-09-16T08:09:29.094Z,True,教学,5.0
,真实有效，可以选到讲课好给分高的老师,2024-09-16T08:12:22.866Z,True,给分,7.0
,更全面地了解课程，让我更好规划选课,2024-09-16T08:17:06.100Z,False,教学,7.0
,,2024-09-16T08:17:49.317Z,True,教学,7.0
,,2024-09-16T08:19:26.946Z,True,教学,7.0
,111,2024-09-16T08:20:07.368Z,True,给分,8.0
,,2024-09-16T08:47:01.198Z,True,教学,7.0
,一些帮助,2024-09-16T08:49:39.503Z,False,给分,5.5
,,2024-09-16T08:52:29.082Z,True,给分,10.0
,,2024-09-16T08:54:23.791Z,True,教学,7.0
,我希望能够帮助同学们更好地了解各个老师的教学风格,2024-09-16T08:54:34.749Z,True,教学,5.5
,,2024-09-16T08:57:19.061Z,False,给分,6.0
,,2024-09-16T08:57:56.733Z,True,给分,6.0
,,2024-09-16T08:58:57.828Z,True,教学,3.0
,,2024-09-16T09:00:54.948Z,True,给分,7.0
,,2024-09-16T09:01:28.071Z,False,教学,4.5
,,2024-09-16T09:04:21.086Z,True,给分,5.0
,,2024-09-16T09:04:36.899Z,True,给分,5.5
,,2024-09-16T09:05:31.709Z,True,教学,2.5
,希望评价更全面,2024-09-16T09:06:08.348Z,True,教学,4.5
,,2024-09-16T09:11:03.941Z,True,给分,6.5
,,2024-09-16T09:13:41.776Z,True,教学,6.0
,,2024-09-16T09:19:22.012Z,False,给分,3.0
,,2024-09-16T09:21:14.715Z,True,教学,4.5
,,2024-09-16T09:25:01.272Z,False,给分,4.0
,,2024-09-16T09:33:23.674Z,False,教学,5.0
,,2024-09-16T09:33:31.046Z,True,给分,8.0
,找到更好的老师,2024-09-16T09:35:38.603Z,True,给分,5.0
,谢谢,2024-09-16T09:38:11.649Z,True,教学,4.0
,,2024-09-16T09:38:15.637Z,True,给分,5.0
,,2024-09-16T09:40:58.018Z,False,给分,6.0
,,2024-09-16T09:46:42.656Z,True,给分,7.0
,,2024-09-16T09:46:50.403Z,False,给分,4.5
,无,2024-09-16T09:50:01.201Z,False,给分,4.5
,,2024-09-16T09:59:02.421Z,True,给分,5.5
,,2024-09-16T09:59:03.108Z,True,给分,9.0
,,2024-09-16T10:00:36.939Z,True,给分,7.0
,帮助,2024-09-16T10:02:09.149Z,True,给分,4.0
,,2024-09-16T10:03:58.270Z,True,给分,6.5
,补完资料,2024-09-16T10:04:18.119Z,False,给分,9.5
,,2024-09-16T10:07:48.060Z,True,给分,3.0
,,2024-09-16T10:09:32.649Z,True,教学,6.5
,,2024-09-16T10:09:41.136Z,False,教学,1.0
,,2024-09-16T10:13:26.118Z,True,给分,8.5
,,2024-09-16T10:15:15.717Z,False,教学,6.0
,,2024-09-16T10:18:37.538Z,True,教学,5.5
,,2024-09-16T10:19:06.783Z,True,给分,5.0
,,2024-09-16T10:24:07.799Z,True,给分,6.0
,,2024-09-16T10:24:30.058Z,True,给分,3.0
,让我不再迷茫,2024-09-16T10:25:37.646Z,False,教学,7.0
,,2024-09-16T10:30:17.094Z,False,给分,5.0
,,2024-09-16T10:30:20.512Z,True,给分,3.5
,了解老师真实的教学水准,2024-09-16T10:38:18.962Z,True,教学,5.0
,,2024-09-16T10:40:36.967Z,True,给分,5.5
,提高选课的效率,2024-09-16T10:40:50.116Z,True,教学,6.0
,,2024-09-16T10:41:39.879Z,False,给分,5.0
,,2024-09-16T10:50:06.032Z,True,教学,7.0
,武,2024-09-16T10:50:01.868Z,True,给分,3.0
,帮助学生选到更适合学生自身的课,2024-09-16T10:53:34.159Z,True,给分,10.0
,,2024-09-16T11:00:03.872Z,False,给分,6.0
,,2024-09-16T11:04:03.362Z,True,教学,5.0
,,2024-09-16T11:04:27.645Z,True,教学,9.5
,,2024-09-16T11:04:34.450Z,True,给分,7.5
,"希望选到有趣的课
",2024-09-16T11:10:40.417Z,True,教学,10.0
,,2024-09-16T11:12:24.684Z,True,给分,6.0
,,2024-09-16T11:12:27.847Z,True,给分,6.0
,,2024-09-16T11:12:46.390Z,True,给分,6.0
,,2024-09-16T11:12:12.074Z,True,教学,9.0
,,2024-09-16T11:14:23.625Z,True,教学,5.0
,,2024-09-16T11:15:00.953Z,True,教学,5.0
,,2024-09-16T11:18:27.300Z,True,给分,3.5
,了解真实教学水准,2024-09-16T11:19:42.619Z,True,教学,7.5
,更加高效地选到心仪的课,2024-09-16T11:20:46.133Z,True,给分,7.5
,,2024-09-16T11:23:06.286Z,True,教学,7.0
,,2024-09-16T11:25:36.097Z,True,给分,7.0
,,2024-09-16T11:29:09.070Z,True,教学,6.0
,,2024-09-16T11:29:38.642Z,True,给分,6.5
,选到心仪合适的课程,2024-09-16T11:46:59.534Z,True,给分,10.0
,,2024-09-16T11:59:37.141Z,True,给分,4.0
,希望能帮助更多的新生,2024-09-16T11:59:42.808Z,True,给分,7.5
,,2024-09-16T12:17:45.544Z,True,给分,5.0
,,2024-09-16T12:24:53.364Z,True,教学,5.5
,,2024-09-16T12:34:39.743Z,True,给分,10.0
,提供准确的意见 注重教学水平,2024-09-16T12:56:16.204Z,True,教学,5.0
,,2024-09-16T13:02:00.516Z,True,给分,6.0
,,2024-09-16T13:05:54.119Z,True,给分,8.5
,上到好的课，学到想学的，得到应该得的分,2024-09-16T13:10:55.720Z,True,给分,10.0
,好老师来来来,2024-09-16T13:16:30.446Z,True,给分,8.0
,,2024-09-16T13:17:30.121Z,True,教学,10.0
,,2024-09-16T13:19:13.399Z,True,给分,4.5
,,2024-09-16T13:21:17.196Z,False,给分,6.0
,,2024-09-16T13:22:17.119Z,True,教学,10.0
,,2024-09-16T13:22:17.242Z,False,给分,7.5
,,2024-09-16T13:23:36.058Z,True,给分,3.5
,,2024-09-16T13:24:41.708Z,True,给分,3.0
,,2024-09-16T13:29:47.622Z,True,给分,9.0
,,2024-09-16T13:30:58.010Z,True,给分,4.0
,无,2024-09-16T13:30:59.669Z,True,给分,5.0
,,2024-09-16T13:32:56.662Z,True,给分,4.0
,提供参考,2024-09-16T13:33:21.923Z,True,给分,5.5
,,2024-09-16T13:33:51.209Z,False,给分,4.5
,,2024-09-16T13:34:48.497Z,False,教学,10.0
,,2024-09-16T13:47:02.067Z,True,给分,6.0
,,2024-09-16T13:54:04.702Z,True,给分,6.0
,,2024-09-16T13:55:45.709Z,False,给分,4.5
,,2024-09-16T14:09:03.200Z,True,教学,4.5
,,2024-09-16T14:11:57.031Z,False,给分,6.0
,,2024-09-16T14:16:47.158Z,True,给分,4.0
,,2024-09-16T14:19:12.765Z,True,给分,6.0
,,2024-09-16T14:28:53.148Z,True,给分,1.0
,,2024-09-16T14:34:38.800Z,True,给分,5.5
,及时详细解答学生疑惑,2024-09-16T14:35:42.641Z,True,给分,5.0
,,2024-09-16T14:36:32.936Z,True,给分,6.0
,"了解上课内容 指导选课
",2024-09-16T14:41:06.832Z,False,教学,7.0
,,2024-09-16T14:47:47.038Z,True,教学,6.5
,,2024-09-16T14:57:48.676Z,True,给分,7.0
,提高选课效率，提升学习水平,2024-09-16T14:59:15.311Z,True,教学,5.0
,,2024-09-16T15:00:22.709Z,True,教学,6.5
,,2024-09-16T15:01:18.068Z,True,给分,5.0
,,2024-09-16T15:18:48.312Z,True,教学,1.0
,,2024-09-16T15:25:02.162Z,True,教学,5.0
,,2024-09-16T15:27:18.011Z,True,给分,4.5
,,2024-09-16T15:30:13.401Z,True,教学,4.5
,真实的信息,2024-09-16T15:37:04.098Z,True,教学,3.0
,,2024-09-16T15:43:11.783Z,True,给分,5.0
,帮助自己选到合适自己的课,2024-09-16T15:44:02.561Z,False,给分,10.0
,,2024-09-16T15:48:59.755Z,True,给分,6.5
,,2024-09-16T15:51:40.514Z,True,教学,6.0
,,2024-09-16T16:11:35.756Z,True,教学,5.5
,让同学们少踩坑,2024-09-16T16:13:19.317Z,True,给分,9.5
,,2024-09-16T16:24:28.925Z,True,给分,6.0
,,2024-09-16T16:29:57.542Z,True,教学,5.5
,,2024-09-16T16:49:33.361Z,True,教学,5.0
,,2024-09-16T17:08:33.187Z,True,给分,9.5
,,2024-09-16T22:49:55.109Z,True,给分,8.0
,,2024-09-16T22:55:48.071Z,True,给分,5.5
,,2024-09-16T23:07:54.649Z,True,给分,5.0
,,2024-09-16T23:09:07.689Z,True,教学,7.0
,,2024-09-16T23:43:51.568Z,True,教学,5.0
,避掉一些不好的老师,2024-09-16T23:53:33.009Z,True,教学,4.5
,,2024-09-16T23:58:01.981Z,True,教学,5.5
,,2024-09-17T00:20:02.024Z,True,给分,6.0
,帮助学生选课,2024-09-17T01:26:32.996Z,True,给分,7.0
,,2024-09-17T01:27:38.070Z,True,给分,3.5
,,2024-09-17T01:52:05.466Z,True,给分,6.0
,无,2024-09-17T01:56:31.844Z,True,给分,4.0
,,2024-09-17T02:49:34.125Z,True,教学,10.0
,,2024-09-17T02:53:09.155Z,True,教学,5.0
,,2024-09-17T02:54:27.650Z,True,教学,7.0
,,2024-09-17T02:55:50.745Z,True,给分,9.5
,,2024-09-17T03:13:58.818Z,True,给分,8.0
,,2024-09-17T03:16:04.183Z,True,给分,8.0
,,2024-09-17T03:17:33.478Z,True,教学,7.0
,,2024-09-17T03:19:17.160Z,False,教学,7.0
,,2024-09-17T03:30:30.275Z,True,教学,7.0
,教师教学、给分评价,2024-09-17T03:29:46.050Z,True,给分,5.5
,,2024-09-17T03:32:02.242Z,True,教学,7.5
,,2024-09-17T03:32:02.358Z,True,教学,7.5
,教师教学，给分水平,2024-09-17T03:36:01.734Z,True,教学,7.5
,,2024-09-17T03:41:45.207Z,True,给分,6.0
,可以提供老师的给分情况和课程考核方式,2024-09-17T03:48:36.005Z,True,给分,4.5
,,2024-09-17T03:48:41.087Z,True,教学,6.5
,,2024-09-17T04:01:20.343Z,True,给分,7.0
,,2024-09-17T04:00:55.981Z,True,教学,6.0
,,2024-09-17T04:02:50.950Z,True,教学,10.0
,,2024-09-17T04:18:21.768Z,False,教学,9.5
,,2024-09-17T04:23:54.144Z,True,教学,7.0
,,2024-09-17T04:27:54.983Z,True,给分,3.5
,选到有兴趣的课,2024-09-17T04:39:17.249Z,True,教学,3.5
,,2024-09-17T04:39:18.276Z,True,给分,5.5
,,2024-09-17T04:42:43.775Z,True,给分,3.0
,,2024-09-17T04:42:43.992Z,True,给分,3.0
,,2024-09-17T04:43:12.694Z,True,给分,5.0
,,2024-09-17T04:48:51.941Z,True,教学,7.0
,,2024-09-17T04:53:21.075Z,True,教学,7.0
,,2024-09-17T05:28:34.820Z,True,教学,4.5
,,2024-09-17T05:31:20.114Z,True,教学,6.0
,提供更加全面客观和完善的课程评价，帮助同学顺利度过大学，快乐生活,2024-09-17T05:42:08.158Z,True,给分,4.5
,,2024-09-17T05:50:26.607Z,True,给分,3.5
,,2024-09-17T06:18:38.312Z,True,给分,8.0
,,2024-09-17T06:26:55.733Z,True,教学,5.5
,,2024-09-17T06:36:00.851Z,True,教学,6.0
,更好的选课,2024-09-17T07:02:00.800Z,True,教学,5.0
,,2024-09-17T07:04:28.995Z,True,给分,7.0
,,2024-09-17T07:06:52.906Z,True,给分,8.0
,,2024-09-17T07:49:39.955Z,False,给分,10.0
,,2024-09-17T08:23:44.967Z,True,给分,10.0
,,2024-09-17T08:41:15.952Z,True,教学,6.5
,,2024-09-17T09:12:57.329Z,True,教学,10.0
,,2024-09-17T09:14:19.472Z,True,给分,7.5
,给分好一点,2024-09-17T09:17:54.442Z,True,给分,5.5
,提供信息,2024-09-17T09:20:41.046Z,False,给分,3.5
,每个人都能选到自己心仪的课程,2024-09-17T09:36:16.911Z,True,给分,6.0
,,2024-09-17T09:37:18.229Z,True,给分,4.0
,,2024-09-17T09:48:37.924Z,True,教学,7.0
,,2024-09-17T09:52:43.008Z,False,教学,5.0
,,2024-09-17T10:05:48.187Z,True,教学,5.5
,,2024-09-17T10:20:35.503Z,True,给分,5.5
,,2024-09-17T10:26:49.684Z,True,教学,5.5
,无,2024-09-17T10:28:20.532Z,True,教学,6.0
,,2024-09-17T10:43:46.303Z,True,教学,6.0
,,2024-09-17T11:00:34.154Z,True,给分,5.5
,,2024-09-17T11:02:52.203Z,True,给分,5.0
,不知道,2024-09-17T11:05:06.757Z,False,给分,6.0
,,2024-09-17T11:06:18.844Z,True,给分,5.0
,可以给一些建议,2024-09-17T11:06:27.849Z,True,给分,5.0
,提供有价值的参考信息,2024-09-17T11:18:17.007Z,True,教学,5.0
,,2024-09-17T11:50:35.533Z,True,给分,5.5
,,2024-09-17T12:03:16.377Z,True,教学,6.0
,,2024-09-17T12:04:35.129Z,True,给分,6.0
,选课,2024-09-17T12:14:21.538Z,True,教学,5.0
,,2024-09-17T12:21:04.387Z,True,教学,6.5
,,2024-09-17T12:53:58.600Z,True,给分,5.0
,无,2024-09-17T13:02:51.630Z,True,教学,6.0
,,2024-09-17T13:14:43.874Z,True,教学,6.0
,选到更适合自己的老师,2024-09-17T13:27:23.351Z,False,教学,5.5
,选到好老师,2024-09-17T13:29:45.103Z,True,教学,8.0
,,2024-09-17T13:50:31.357Z,True,给分,6.5
,,2024-09-17T13:52:27.750Z,True,给分,5.0
,时效性的信息,2024-09-17T14:13:18.351Z,True,给分,9.5
,,2024-09-17T14:13:57.841Z,False,教学,6.0
,,2024-09-17T14:21:49.859Z,True,给分,5.5
,,2024-09-17T14:25:31.081Z,True,给分,7.0
,,2024-09-17T14:36:04.067Z,True,给分,10.0
,,2024-09-17T14:37:30.203Z,True,教学,5.0
,推荐给分和教授水准好的老师，以及有意义的课程,2024-09-17T14:47:50.561Z,False,给分,3.0
,选课推荐，课程评价,2024-09-17T14:52:53.834Z,True,给分,5.0
,,2024-09-17T15:04:07.347Z,True,给分,10.0
,,2024-09-17T15:07:30.255Z,True,给分,5.0
,,2024-09-17T15:07:54.149Z,False,给分,6.0
,,2024-09-17T15:12:57.716Z,True,给分,6.5
,,2024-09-17T15:25:42.266Z,True,给分,1.0
,选到好老师,2024-09-17T15:26:51.155Z,True,给分,10.0
,,2024-09-17T15:36:40.216Z,True,教学,5.0
,提供选课的建议,2024-09-17T15:39:37.894Z,False,给分,7.0
,,2024-09-17T15:54:49.126Z,True,教学,5.5
,"很棒
",2024-09-17T15:55:58.603Z,True,给分,6.0
,详细的建议,2024-09-17T16:09:00.161Z,True,教学,5.5
,,2024-09-17T16:14:11.801Z,True,教学,5.5
,知道怎么规避水课,2024-09-17T17:02:53.218Z,True,给分,6.0
,无,2024-09-17T21:08:04.201Z,True,教学,6.5
,无,2024-09-17T22:04:01.131Z,True,教学,5.5
,,2024-09-17T23:00:34.187Z,True,教学,6.5
,,2024-09-17T23:33:02.490Z,False,教学,3.0
,,2024-09-17T23:33:21.840Z,True,教学,5.5
,,2024-09-17T23:33:45.013Z,True,给分,5.5
,,2024-09-17T23:35:18.697Z,False,教学,5.0
,,2024-09-17T23:35:44.656Z,False,教学,5.5
,,2024-09-17T23:52:22.280Z,False,教学,5.5
,,2024-09-18T00:00:11.529Z,True,教学,7.0
,,2024-09-18T00:47:33.407Z,True,给分,7.0
,,2024-09-18T00:50:43.242Z,False,教学,4.5
,,2024-09-18T00:52:20.401Z,True,教学,5.5
,,2024-09-18T00:52:23.003Z,True,给分,7.0
,,2024-09-18T00:52:35.493Z,True,教学,6.5
,1,2024-09-18T00:54:33.014Z,True,给分,5.0
,,2024-09-18T00:55:52.283Z,True,教学,4.5
,,2024-09-18T00:58:40.289Z,True,教学,6.5
,使同学们提前了解教学内容，考核情况和给分好坏,2024-09-18T01:04:33.626Z,True,教学,5.0
,,2024-09-18T01:23:19.795Z,True,给分,6.0
,帮助学生选课,2024-09-18T01:48:49.416Z,True,教学,5.5
,,2024-09-18T02:00:14.886Z,True,教学,4.5
,,2024-09-18T02:00:44.990Z,False,给分,7.5
,,2024-09-18T02:04:51.406Z,True,给分,6.5
,挑选好课,2024-09-18T02:11:18.963Z,True,给分,5.5
,,2024-09-18T02:16:16.191Z,True,教学,7.0
,,2024-09-18T02:21:10.657Z,True,给分,7.5
,,2024-09-18T02:33:55.039Z,True,给分,4.0
,,2024-09-18T02:41:57.950Z,True,教学,7.5
,,2024-09-18T02:44:12.482Z,True,教学,5.0
,无,2024-09-18T02:46:08.210Z,True,教学,5.0
,,2024-09-18T02:47:10.837Z,True,给分,5.5
,,2024-09-18T02:49:22.388Z,True,给分,5.0
,,2024-09-18T02:55:47.739Z,False,给分,6.0
,,2024-09-18T02:55:47.058Z,True,教学,5.5
,,2024-09-18T03:02:45.585Z,True,给分,5.5
,,2024-09-18T03:03:35.488Z,True,教学,6.5
,,2024-09-18T03:18:35.668Z,True,教学,6.5
,,2024-09-18T03:24:01.463Z,True,教学,5.0
,,2024-09-18T03:25:04.045Z,True,教学,4.0
,提供客观评价,2024-09-18T03:36:48.008Z,True,给分,6.0
,,2024-09-18T03:37:55.665Z,True,教学,4.0
,,2024-09-18T03:47:15.218Z,False,教学,5.5
,,2024-09-18T03:50:10.944Z,True,教学,9.0
,,2024-09-18T03:51:30.542Z,True,教学,7.0
,好,2024-09-18T03:52:12.525Z,True,给分,6.5
,,2024-09-18T03:54:20.300Z,True,给分,5.5
,提高学分,2024-09-18T03:57:41.939Z,False,给分,7.5
,,2024-09-18T04:00:57.697Z,True,给分,7.0
,,2024-09-18T04:06:26.016Z,True,教学,4.5
,,2024-09-18T04:08:39.566Z,False,教学,4.0
,,2024-09-18T04:11:50.600Z,True,教学,7.0
,更便捷,2024-09-18T04:24:06.956Z,True,给分,7.0
,,2024-09-18T04:32:53.227Z,True,给分,4.5
,节约学生的试课时间,2024-09-18T04:37:47.432Z,True,教学,5.0
,,2024-09-18T04:40:41.014Z,True,给分,7.0
,,2024-09-18T04:58:20.927Z,True,给分,5.5
,,2024-09-18T05:00:31.608Z,True,教学,6.0
,,2024-09-18T05:03:08.445Z,True,教学,6.5
,,2024-09-18T05:10:17.531Z,True,给分,6.0
,教授内容,2024-09-18T05:16:42.669Z,True,教学,6.5
,,2024-09-18T05:39:42.647Z,True,教学,9.5
,无,2024-09-18T06:21:41.891Z,True,教学,6.0
,希望能更加详细客观一些,2024-09-18T06:22:51.814Z,False,教学,10.0
,,2024-09-18T06:29:13.971Z,True,给分,6.0
,能为学生带来客观的选课价值,2024-09-18T06:33:04.978Z,False,教学,7.0
,,2024-09-18T06:47:31.917Z,True,教学,7.0
,,2024-09-18T06:49:09.119Z,True,教学,6.0
,,2024-09-18T06:56:02.211Z,True,给分,8.0
,好,2024-09-18T06:56:56.458Z,True,教学,6.0
,好,2024-09-18T06:56:52.779Z,True,教学,6.0
,好,2024-09-18T06:57:33.610Z,True,教学,6.5
,好,2024-09-18T06:57:31.637Z,True,教学,6.5
,,2024-09-18T07:19:33.794Z,True,教学,7.0
,无,2024-09-18T07:22:15.300Z,True,教学,5.0
,让新生知道该选哪些课,2024-09-18T07:43:25.182Z,False,给分,6.0
,,2024-09-18T07:45:09.520Z,True,教学,6.5
,,2024-09-18T07:55:50.998Z,True,给分,8.0
,,2024-09-18T07:55:57.424Z,True,教学,4.5
,提高绩点,2024-09-18T07:59:20.376Z,True,给分,6.5
,,2024-09-18T08:08:20.544Z,True,教学,5.5
,,2024-09-18T08:12:43.936Z,True,给分,10.0
,,2024-09-18T08:15:02.265Z,True,教学,6.0
,五,2024-09-18T08:19:27.934Z,True,教学,5.0
,,2024-09-18T08:33:42.656Z,True,给分,7.0
,,2024-09-18T08:37:33.020Z,True,给分,5.5
,帮助挑选更好的课程,2024-09-18T08:49:41.575Z,True,给分,4.5
, ,2024-09-18T08:50:20.849Z,True,教学,5.0
,,2024-09-18T08:50:22.353Z,True,教学,7.0
,给分建议,2024-09-18T08:50:43.949Z,True,教学,7.0
,,2024-09-18T08:57:19.277Z,True,给分,6.5
,,2024-09-18T09:04:09.414Z,True,教学,5.0
,,2024-09-18T09:07:25.069Z,False,教学,7.5
,,2024-09-18T09:07:29.261Z,True,教学,6.5
,,2024-09-18T09:16:59.797Z,True,给分,4.5
,,2024-09-18T09:26:51.330Z,True,给分,4.5
,,2024-09-18T09:27:38.107Z,False,教学,6.0
,,2024-09-18T09:29:47.367Z,True,教学,6.5
,,2024-09-18T09:42:46.934Z,True,给分,4.0
,,2024-09-18T09:52:19.040Z,True,给分,6.0
,,2024-09-18T09:53:58.222Z,True,给分,7.0
,,2024-09-18T10:02:52.055Z,False,给分,5.0
,提供参考,2024-09-18T10:03:44.588Z,True,教学,5.5
,,2024-09-18T10:05:47.235Z,True,教学,6.0
,,2024-09-18T10:16:48.586Z,True,教学,5.5
,初步了解每门课学什么，老师怎么样，给分怎么样，避雷课水老师还卡绩点的,2024-09-18T10:29:59.620Z,True,给分,6.5
,,2024-09-18T10:33:05.354Z,True,给分,5.5
,,2024-09-18T10:34:36.117Z,True,给分,4.5
,,2024-09-18T10:41:43.558Z,True,教学,6.0
,,2024-09-18T10:42:22.639Z,True,教学,5.0
,,2024-09-18T10:50:13.061Z,True,教学,5.5
,,2024-09-18T10:56:06.512Z,True,教学,9.0
,,2024-09-18T10:57:11.290Z,True,给分,8.0
,帮助选课,2024-09-18T10:58:29.934Z,True,教学,6.0
,我无,2024-09-18T11:01:54.871Z,True,给分,4.5
,能告诉我们课程的教学内容是什么，以及课堂的过程与形式,2024-09-18T11:05:35.844Z,False,教学,7.0
,,2024-09-18T11:06:54.473Z,True,给分,5.5
,无,2024-09-18T11:07:44.812Z,True,给分,3.0
,避雷掉很坑的老师……,2024-09-18T11:34:58.234Z,True,给分,5.0
,希望能选上有趣好玩又能学到东西的好课,2024-09-18T11:54:43.705Z,True,给分,4.5
,,2024-09-18T11:57:34.261Z,True,教学,6.0
,,2024-09-18T11:57:39.665Z,True,给分,5.0
,无,2024-09-18T11:58:51.902Z,True,教学,4.0
,,2024-09-18T12:11:30.512Z,True,教学,5.0
,学长学姐人课程评价可以提供更多的选课指南,2024-09-18T12:13:01.509Z,True,给分,6.5
,,2024-09-18T12:16:35.802Z,True,教学,7.0
,,2024-09-18T12:19:59.545Z,True,教学,4.0
,,2024-09-18T12:22:48.609Z,True,教学,5.0
,,2024-09-18T12:29:16.518Z,True,教学,7.0
,,2024-09-18T12:49:19.489Z,False,给分,9.0
,"选出更适合自己的课程
",2024-09-18T12:51:13.116Z,True,给分,8.5
,,2024-09-18T12:53:23.471Z,True,给分,9.0
,,2024-09-18T13:07:24.437Z,True,教学,1.0
,,2024-09-18T13:14:29.241Z,True,给分,6.0
,,2024-09-18T13:24:56.528Z,True,给分,6.0
,,2024-09-18T13:44:06.291Z,True,给分,5.0
,,2024-09-18T13:46:52.499Z,True,教学,7.0
,,2024-09-18T13:49:13.774Z,True,教学,6.5
,,2024-09-18T14:11:11.566Z,True,给分,6.5
,,2024-09-18T14:12:57.388Z,True,给分,3.5
,,2024-09-18T14:20:21.090Z,True,教学,8.0
,看看老师的情况以便更好地选择,2024-09-18T14:20:41.010Z,True,给分,5.0
,,2024-09-18T14:38:01.841Z,True,教学,7.0
,,2024-09-18T14:41:48.839Z,True,教学,4.0
,,2024-09-18T14:51:47.989Z,True,教学,5.0
,,2024-09-18T14:55:53.368Z,True,教学,7.5
,,2024-09-18T15:11:11.505Z,True,教学,8.0
,,2024-09-18T15:24:20.859Z,True,给分,6.5
,,2024-09-18T15:24:47.098Z,True,给分,5.5
,可以客观的反映课程的质量，同时一定程度的提现老师的风格,2024-09-18T15:53:39.325Z,True,教学,6.0
,,2024-09-18T23:53:51.121Z,True,教学,6.5
,,2024-09-18T23:54:41.016Z,False,给分,4.0
,提供更多数据,2024-09-19T00:01:11.041Z,True,教学,6.0
,,2024-09-19T00:22:38.062Z,False,教学,6.0
,,2024-09-19T00:38:58.030Z,True,教学,5.5
,,2024-09-19T00:46:02.065Z,True,教学,5.0
,排雷,2024-09-19T00:54:40.273Z,True,给分,7.5
,,2024-09-19T00:58:20.327Z,True,给分,6.5
,,2024-09-19T01:03:11.078Z,True,教学,5.0
,,2024-09-19T01:09:52.991Z,True,教学,6.5
,,2024-09-19T01:12:17.130Z,True,教学,4.5
,,2024-09-19T01:14:25.204Z,True,给分,6.5
,而已,2024-09-19T01:38:34.119Z,True,给分,4.5
,无,2024-09-19T01:45:28.109Z,True,教学,5.5
,帮助选课,2024-09-19T01:49:21.389Z,False,教学,6.5
,,2024-09-19T01:54:11.537Z,False,教学,3.0
,,2024-09-19T01:54:21.688Z,True,教学,8.0
,,2024-09-19T02:00:39.905Z,True,教学,5.5
,,2024-09-19T02:01:26.580Z,True,教学,6.0
,辅助,2024-09-19T02:01:28.450Z,True,给分,6.0
,帮助我们避雷,2024-09-19T02:11:26.330Z,True,给分,5.0
,,2024-09-19T02:13:02.581Z,True,给分,7.5
,,2024-09-19T02:17:17.387Z,True,教学,7.0
,希望能了解每个课程真实的情况,2024-09-19T02:18:15.703Z,True,给分,5.0
,,2024-09-19T02:22:59.384Z,True,教学,6.5
,,2024-09-19T02:29:21.433Z,True,给分,3.5
,,2024-09-19T02:41:09.019Z,True,教学,8.0
,,2024-09-19T02:52:28.567Z,True,给分,6.5
,,2024-09-19T02:58:04.556Z,True,给分,5.5
,,2024-09-19T03:07:35.162Z,True,给分,6.5
,如何用正确姿势选课,2024-09-19T03:12:52.111Z,True,给分,5.0
,特别好,2024-09-19T03:24:51.529Z,True,给分,1.0
,,2024-09-19T03:28:32.410Z,True,给分,1.0
,,2024-09-19T03:33:42.207Z,True,给分,6.5
,,2024-09-19T03:42:41.362Z,True,教学,7.5
,,2024-09-19T04:06:01.960Z,False,给分,10.0
,选好课,2024-09-19T04:16:22.020Z,True,给分,4.5
,,2024-09-19T04:23:43.102Z,True,教学,7.0
,,2024-09-19T04:28:00.770Z,True,给分,6.0
,,2024-09-19T04:31:21.336Z,False,给分,10.0
,"可以让我了解并选到心仪的课程

",2024-09-19T04:37:34.657Z,True,教学,7.5
,,2024-09-19T04:37:43.895Z,True,给分,6.5
,,2024-09-19T04:41:47.086Z,True,教学,4.5
,,2024-09-19T04:59:19.940Z,True,给分,7.5
,,2024-09-19T05:12:08.790Z,True,给分,5.5
,,2024-09-19T05:22:37.855Z,True,给分,5.0
,给出真实评价，希望能够了解给分的容易度,2024-09-19T05:29:26.780Z,True,给分,8.0
,,2024-09-19T06:36:23.411Z,True,教学,6.0
,,2024-09-19T07:48:01.636Z,False,教学,2.5
,,2024-09-19T08:00:21.661Z,True,教学,6.5
,,2024-09-19T08:00:54.741Z,True,给分,6.5
,,2024-09-19T08:06:10.430Z,True,教学,7.0
,,2024-09-19T08:06:26.198Z,True,教学,9.5
,,2024-09-19T08:22:25.112Z,True,教学,7.5
,,2024-09-19T08:31:55.607Z,True,给分,5.5
,,2024-09-19T08:32:21.255Z,False,给分,7.5
,使选课更符合个人兴趣爱好,2024-09-19T08:35:28.525Z,True,教学,5.5
,,2024-09-19T08:46:32.278Z,True,教学,7.0
,多给一些实际建议,2024-09-19T08:55:30.226Z,True,给分,7.0
,,2024-09-19T08:58:36.479Z,False,教学,5.5
,,2024-09-19T09:04:59.981Z,True,教学,10.0
